"","Date","Returns"
"1",2020-01-03,-0.00491934925590609
"2",2020-01-06,0.0243581502823522
"3",2020-01-07,-0.000624244347442904
"4",2020-01-08,0.00784950862177958
"5",2020-01-09,0.0109839096334552
"6",2020-01-10,0.00694850745706965
"7",2020-01-13,0.00662261155823884
"8",2020-01-14,-0.0058186554880022
"9",2020-01-15,0.00579776923111108
"10",2020-01-16,0.00864787994060912
"11",2020-01-17,0.0195703055988652
"12",2020-01-21,0.00270509018046194
"13",2020-01-22,0.00104363991754841
"14",2020-01-23,0.000470914808696321
"15",2020-01-24,-0.0135033883157103
"16",2020-01-27,-0.0226238325796588
"17",2020-01-28,0.0129294938077278
"18",2020-01-29,0.00417018992580864
"19",2020-01-30,-0.00191463310502638
"20",2020-01-31,-0.0149549023403885
"21",2020-02-03,0.0354193804272898
"22",2020-02-04,-0.0265067017067606
"23",2020-02-05,0.000801280151614847
"24",2020-02-06,0.0191494403964638
"25",2020-02-07,0.00203016213699136
"26",2020-02-10,0.0197133610713651
"27",2020-02-11,7.29192809671986e-05
"28",2020-02-12,0.00626351090523336
"29",2020-02-13,-0.00238048753504128
"30",2020-02-14,0.00400607830930344
"31",2020-02-18,-0.00070391751102683
"32",2020-02-19,0.00460886006508598
"33",2020-02-20,-0.00560953035954093
"34",2020-02-21,-0.0220036501314524
"35",2020-02-24,-0.0437129148081228
"36",2020-02-25,-0.0235879136374075
"37",2020-02-26,0.0034008290734473
"38",2020-02-27,-0.0554050923416822
"39",2020-02-28,0.0159857163383057
"40",2020-03-02,0.0364937428912784
"41",2020-03-03,-0.0349567756070961
"42",2020-03-04,0.0330905126566581
"43",2020-03-05,-0.0498927068058217
"44",2020-03-06,-0.0157637867307816
"45",2020-03-09,-0.0659355913500654
"46",2020-03-10,0.0519598565147232
"47",2020-03-11,-0.0520832590220346
"48",2020-03-12,-0.0863078113643931
"49",2020-03-13,0.0898558591960708
"50",2020-03-16,-0.117667246924484
"51",2020-03-17,0.032187855561149
"52",2020-03-18,-0.0207532758622433
"53",2020-03-19,0.0167176027124949
"54",2020-03-20,-0.0392899081341214
"55",2020-03-23,-0.0147493881576937
"56",2020-03-24,0.0710816007921422
"57",2020-03-25,-0.0285854962757579
"58",2020-03-26,0.0523562522661267
"59",2020-03-27,-0.0449280724631445
"60",2020-03-30,0.031993445000392
"61",2020-03-31,0.0138465865860642
"62",2020-04-01,-0.0504332428007901
"63",2020-04-02,0.0136721693561599
"64",2020-04-03,-0.0206973350870481
"65",2020-04-06,0.0779806620274925
"66",2020-04-07,-0.000345494631972088
"67",2020-04-08,0.0198355035499862
"68",2020-04-09,0.000966224772535718
"69",2020-04-13,0.00503086744353798
"70",2020-04-14,0.0415615609690665
"71",2020-04-15,-0.00534025741167454
"72",2020-04-16,0.000791772398746282
"73",2020-04-17,0.0155339937158701
"74",2020-04-20,-0.0130518338796168
"75",2020-04-21,-0.0404976929934007
"76",2020-04-22,0.037809721762514
"77",2020-04-23,0.0103169827343415
"78",2020-04-24,0.00234779187608503
"79",2020-04-27,-0.00268475165550708
"80",2020-04-28,-0.0336426760379807
"81",2020-04-29,0.0837800042961971
"82",2020-04-30,0.00533804221935696
"83",2020-05-01,-0.0210177008082901
"84",2020-05-04,0.00467618669812886
"85",2020-05-05,0.0181564479285488
"86",2020-05-06,-0.00282386274879354
"87",2020-05-07,0.0185750272118677
"88",2020-05-08,0.0114528523307156
"89",2020-05-11,0.0106676922245974
"90",2020-05-12,-0.0198063243998687
"91",2020-05-13,-0.0193836424288314
"92",2020-05-14,0.00502694072998544
"93",2020-05-15,0.0125013983555302
"94",2020-05-18,0.00779798127506037
"95",2020-05-19,-0.00758321076285906
"96",2020-05-20,0.0239094599220566
"97",2020-05-21,-0.00279050194465569
"98",2020-05-22,0.00541735458819659
"99",2020-05-26,0.00466846047523006
"100",2020-05-27,0.000578517012466584
"101",2020-05-28,-0.000783134211019387
"102",2020-05-29,0.00856747376874623
"103",2020-06-01,0.00202750784112737
"104",2020-06-02,0.00515486975404933
"105",2020-06-03,-0.00197521683666935
"106",2020-06-04,-0.0169914368504456
"107",2020-06-05,0.0183898378187077
"108",2020-06-08,0.00569839300576458
"109",2020-06-09,0.00657995845610948
"110",2020-06-10,0.00663250939109794
"111",2020-06-11,-0.0432239666696246
"112",2020-06-12,0.00663107762574189
"113",2020-06-15,0.00470880077795321
"114",2020-06-16,0.0159790062389655
"115",2020-06-17,0.00580542593433986
"116",2020-06-18,-0.0105021020732963
"117",2020-06-19,-0.00295706839856358
"118",2020-06-22,0.0139690267402344
"119",2020-06-23,0.00860686682658507
"120",2020-06-24,-0.0224012297236715
"121",2020-06-25,0.00651510586930204
"122",2020-06-26,-0.0581550599166514
"123",2020-06-29,0.025461658760416
"124",2020-06-30,0.0132737958089759
"125",2020-07-01,0.0171344186696807
"126",2020-07-02,0.0183693704105456
"127",2020-07-06,0.020943921975368
"128",2020-07-07,-0.00705836045676733
"129",2020-07-08,0.00725890715630939
"130",2020-07-09,0.00997013832076643
"131",2020-07-10,0.0201465639321903
"132",2020-07-13,-0.0199149303113222
"133",2020-07-14,0.00609513989933497
"134",2020-07-15,-0.00457449664864829
"135",2020-07-16,0.00287636353373699
"136",2020-07-17,-0.00161533802115077
"137",2020-07-20,0.0325674607986475
"138",2020-07-21,-0.0046733649039119
"139",2020-07-22,0.00644090993330071
"140",2020-07-23,-0.0342492288404994
"141",2020-07-24,-0.00251686623362968
"142",2020-07-27,0.0120512019265453
"143",2020-07-28,-0.0197067474280175
"144",2020-07-29,0.0143466463801341
"145",2020-07-30,0.00617665423624025
"146",2020-07-31,-0.0321749010906229
"147",2020-08-03,-0.00575503726172677
"148",2020-08-04,-0.00645036495871043
"149",2020-08-05,0.00588039762478854
"150",2020-08-06,0.0178166146954233
"151",2020-08-07,-0.00374669010995277
"152",2020-08-10,0.00107668049356491
"153",2020-08-11,-0.0106034613645853
"154",2020-08-12,0.0176104833066857
"155",2020-08-13,0.00782133751010594
"156",2020-08-14,-0.00708491050225479
"157",2020-08-17,0.00677535572999588
"158",2020-08-18,0.0264074553457343
"159",2020-08-19,-0.00712783619645663
"160",2020-08-20,0.0218716981915179
"161",2020-08-21,-0.000841166723454023
"162",2020-08-24,0.00491066398049345
"163",2020-08-25,0.0125266704343128
"164",2020-08-26,0.0270886967233279
"165",2020-08-27,-0.0109837865378433
"166",2020-08-28,0.00614869616354241
"167",2020-08-31,-0.0062404773712128
"168",2020-09-01,0.0161040716166969
"169",2020-09-02,0.0398814946195083
"170",2020-09-03,-0.0513091121607072
"171",2020-09-04,-0.0314296840714228
"172",2020-09-08,-0.0375593172556998
"173",2020-09-09,0.0159065988473817
"174",2020-09-10,-0.016148097630829
"175",2020-09-11,-0.00740315111833301
"176",2020-09-14,-0.000947450407531747
"177",2020-09-15,0.0144805287988303
"178",2020-09-16,-0.0134147854278517
"179",2020-09-17,-0.0168216233783713
"180",2020-09-18,-0.0240510795515458
"181",2020-09-21,-0.0199442524053461
"182",2020-09-22,0.0236839366934616
"183",2020-09-23,-0.0348913198001917
"184",2020-09-24,0.00919998540565459
"185",2020-09-25,0.011603766945484
"186",2020-09-28,0.0134458606641088
"187",2020-09-29,0.00327899004783916
"188",2020-09-30,0.000183795165064282
"189",2020-10-01,0.0138462382367033
"190",2020-10-02,-0.0214829135365395
"191",2020-10-05,0.0187478135310402
"192",2020-10-06,-0.0221683186538195
"193",2020-10-07,0.00470197359984059
"194",2020-10-08,0.0174057606879714
"195",2020-10-09,0.019519809417524
"196",2020-10-12,0.0349733648025961
"197",2020-10-13,0.00161107759520984
"198",2020-10-14,-0.0022931738125882
"199",2020-10-15,-0.00572399510133526
"200",2020-10-16,0.0088630113713748
"201",2020-10-19,-0.0247146811908836
"202",2020-10-20,0.0137971849532779
"203",2020-10-21,0.0237401210329828
"204",2020-10-22,0.013725726101649
"205",2020-10-23,0.0157665496630539
"206",2020-10-26,-0.0312888657568617
"207",2020-10-27,0.0086455755681385
"208",2020-10-28,-0.0561783676199488
"209",2020-10-29,0.0328319128243599
"210",2020-10-30,0.033733294646586
"211",2020-11-02,0.00309204265693275
"212",2020-11-03,0.0147610872490063
"213",2020-11-04,0.058215960488738
"214",2020-11-05,0.00810829342174024
"215",2020-11-06,-0.000919132233220488
"216",2020-11-09,0.000709270178457011
"217",2020-11-10,-0.0129076862666864
"218",2020-11-11,0.0070539048176963
"219",2020-11-12,-0.00163882106587021
"220",2020-11-13,0.0154134624664044
"221",2020-11-16,0.00245056689159728
"222",2020-11-17,-0.00632406225919357
"223",2020-11-18,-0.0132902278940126
"224",2020-11-19,0.00976453797801202
"225",2020-11-20,-0.0123956865088966
"226",2020-11-23,-0.00421623400957483
"227",2020-11-24,0.0194199058269247
"228",2020-11-25,0.00144057962546995
"229",2020-11-27,0.0122089976946578
"230",2020-11-30,-0.0182619536748456
"231",2020-12-01,0.0209963339303112
"232",2020-12-02,0.0164645720655452
"233",2020-12-03,-0.000645719616719553
"234",2020-12-04,0.000667589794012713
"235",2020-12-07,-0.00466624527622894
"236",2020-12-08,-0.000511278482878907
"237",2020-12-09,-0.0191085867766327
"238",2020-12-10,-0.00494452202856177
"239",2020-12-11,0.00362091526158714
"240",2020-12-14,-0.0122593825658655
"241",2020-12-15,0.00437094386176451
"242",2020-12-16,-0.00270190378801605
"243",2020-12-17,-0.00860189177790627
"244",2020-12-18,-0.00970998775130827
"245",2020-12-21,0.00481791714915936
"246",2020-12-22,-0.00916581595742905
"247",2020-12-23,0.00513908127603901
"248",2020-12-24,0.00372771992750476
"249",2020-12-28,0.0211903389430699
"250",2020-12-29,-0.00982804481342647
"251",2020-12-30,-0.0109770484803331
"252",2020-12-31,0.00708032798370795
"253",2021-01-04,-0.0135859379325076
"254",2021-01-05,0.00731010248872987
"255",2021-01-06,-0.00323909527858568
"256",2021-01-07,0.0295035733126667
"257",2021-01-08,0.0111060212616936
"258",2021-01-11,-0.022659477545929
"259",2021-01-12,-0.0114822969792314
"260",2021-01-13,0.00448452548577105
"261",2021-01-14,-0.0081383450203889
"262",2021-01-15,-0.00229551077966494
"263",2021-01-19,0.0310028669854194
"264",2021-01-20,0.0522393405274357
"265",2021-01-21,0.00230270237018182
"266",2021-01-22,0.00516835651210013
"267",2021-01-25,-0.000868282952248833
"268",2021-01-26,0.00934858707147779
"269",2021-01-27,-0.0461391077332109
"270",2021-01-28,0.0174996203071078
"271",2021-01-29,-0.0147994614272102
"272",2021-02-01,0.0351164333945597
"273",2021-02-02,0.0136649199480612
"274",2021-02-03,0.071353390170013
"275",2021-02-04,-0.00372663684147678
"276",2021-02-05,0.017128719950537
"277",2021-02-08,-0.00242908070883718
"278",2021-02-09,-0.00450148228651059
"279",2021-02-10,0.0056809328512184
"280",2021-02-11,0.000243411339386768
"281",2021-02-12,0.00391424769664983
"282",2021-02-16,0.00841937182162589
"283",2021-02-17,0.00301628250276931
"284",2021-02-18,-0.00523374096909723
"285",2021-02-19,-0.00761441974137789
"286",2021-02-22,-0.0174079017582578
"287",2021-02-23,0.00289182759399864
"288",2021-02-24,0.0116707146482131
"289",2021-02-25,-0.0309291602220458
"290",2021-02-26,0.00270390184618563
"291",2021-03-01,0.0216841674266197
"292",2021-03-02,-0.00272770728228355
"293",2021-03-03,-0.0239520747188333
"294",2021-03-04,0.0109819609174524
"295",2021-03-05,0.0286000079057152
"296",2021-03-08,-0.0408360066029125
"297",2021-03-09,0.0139962437750372
"298",2021-03-10,0.00113445493329589
"299",2021-03-11,0.0286556077181066
"300",2021-03-12,-0.0253084891360658
"301",2021-03-15,0.00221393182994856
"302",2021-03-16,0.0125175501304318
"303",2021-03-17,-0.000688388937083673
"304",2021-03-18,-0.0265855686081524
"305",2021-03-19,0.00342212365760375
"306",2021-03-22,-0.00225888146626296
"307",2021-03-23,0.00702431905596868
"308",2021-03-24,-0.00385556693137445
"309",2021-03-25,-0.000342308033332017
"310",2021-03-26,-0.00431878810106312
"311",2021-03-29,0.00997201750159782
"312",2021-03-30,-0.0001994428595955
"313",2021-03-31,0.00634799297516508
"314",2021-04-01,0.0328672612187644
"315",2021-04-05,0.0402501976702654
"316",2021-04-06,-0.000359465983625462
"317",2021-04-07,0.0111434169997455
"318",2021-04-08,0.00698103438485997
"319",2021-04-09,0.00898203076801973
"320",2021-04-12,-0.013694199785542
"321",2021-04-13,0.00551962708382625
"322",2021-04-14,-0.00549749833245627
"323",2021-04-15,0.0183769068822608
"324",2021-04-16,0.00047884439007273
"325",2021-04-19,0.00201734142915821
"326",2021-04-20,-0.0038163368938946
"327",2021-04-21,-0.000148299254328244
"328",2021-04-22,-0.0111243001532708
"329",2021-04-23,0.0206761187947846
"330",2021-04-26,0.0049288654182762
"331",2021-04-27,-0.0084681111387086
"332",2021-04-28,0.0310626427758347
"333",2021-04-29,0.0207833217492492
"334",2021-04-30,-0.00816947086375031
"335",2021-05-03,-0.00622230902402432
"336",2021-05-04,-0.0172319840487649
"337",2021-05-05,0.00105707269012889
"338",2021-05-06,0.0103882396334143
"339",2021-05-07,0.00725523804539474
"340",2021-05-10,-0.0240626876032808
"341",2021-05-11,-0.0141494666002382
"342",2021-05-12,-0.0306455260591481
"343",2021-05-13,0.010171054052293
"344",2021-05-14,0.0236744878290018
"345",2021-05-17,0.00226415719988537
"346",2021-05-18,-0.00777546109627902
"347",2021-05-19,0.00228961004401729
"348",2021-05-20,0.0203145014337096
"349",2021-05-21,-0.00467541645144465
"350",2021-05-24,0.0259160587291838
"351",2021-05-25,0.000996691065909161
"352",2021-05-26,0.0101020938127112
"353",2021-05-27,-0.0128288114419952
"354",2021-05-28,0.00375981163993888
"355",2021-06-01,0.00753921125598911
"356",2021-06-02,-0.00351672588975838
"357",2021-06-03,-0.00690862850618501
"358",2021-06-04,0.019418390935896
"359",2021-06-07,0.00582776110184824
"360",2021-06-08,0.00677323446566103
"361",2021-06-09,0.00343769036257324
"362",2021-06-10,0.01204883618436
"363",2021-06-11,-0.00304634813184279
"364",2021-06-14,0.00520134948310957
"365",2021-06-15,-0.00252788732259823
"366",2021-06-16,-0.00267346216051134
"367",2021-06-17,0.00535174989656895
"368",2021-06-18,-0.00637860168190851
"369",2021-06-21,0.00704308741946313
"370",2021-06-22,0.00429659343372535
"371",2021-06-23,-0.00424519114054434
"372",2021-06-24,0.00646714864386766
"373",2021-06-25,-0.00225734183954707
"374",2021-06-28,-0.00138289172490236
"375",2021-06-29,-0.00633611376586529
"376",2021-06-30,-0.00559016935758105
"377",2021-07-01,0.00836367747837397
"378",2021-07-02,0.0184294484704477
"379",2021-07-06,0.00813964022684477
"380",2021-07-07,0.00235909342078244
"381",2021-07-08,-0.0069468499351899
"382",2021-07-09,0.0030723823814105
"383",2021-07-12,0.00760753804680103
"384",2021-07-13,0.00329189729843016
"385",2021-07-14,0.00827136993026123
"386",2021-07-15,-0.00619719183358836
"387",2021-07-16,0.0044012507639879
"388",2021-07-19,-0.019851374946823
"389",2021-07-20,0.0141923998394526
"390",2021-07-21,0.0113689626115567
"391",2021-07-22,0.0054752501708224
"392",2021-07-23,0.0331033642063572
"393",2021-07-26,0.0131804921719008
"394",2021-07-27,-0.0206055399144915
"395",2021-07-28,-0.00303826526898821
"396",2021-07-29,0.00116514316709715
"397",2021-07-30,-0.00971082513506794
"398",2021-08-02,0.00566726570115428
"399",2021-08-03,0.00213389259995544
"400",2021-08-04,-0.00184713610339315
"401",2021-08-05,0.00667844378915294
"402",2021-08-06,0.000700740551342172
"403",2021-08-09,0.00702453777226619
"404",2021-08-10,0.000684521545026406
"405",2021-08-11,-0.00295154926499297
"406",2021-08-12,0.00507100113799819
"407",2021-08-13,0.000119293916868379
"408",2021-08-16,0.00367799936757329
"409",2021-08-17,-0.0116974341094007
"410",2021-08-18,-0.00533464511778003
"411",2021-08-19,0.00251196708109536
"412",2021-08-20,0.0110659985220973
"413",2021-08-23,0.0190500105109424
"414",2021-08-24,0.00916412149335333
"415",2021-08-25,0.00386544249229459
"416",2021-08-26,-0.0058020098376641
"417",2021-08-27,0.0169360854869005
"418",2021-08-30,0.0063374536317351
"419",2021-08-31,-5.15039818411722e-05
"420",2021-09-01,0.00260888857300756
"421",2021-09-02,-0.0111908743068332
"422",2021-09-03,0.00384783396802568
"423",2021-09-07,0.00512587203157189
"424",2021-09-08,-0.00437667767542393
"425",2021-09-09,0.000207033059053785
"426",2021-09-10,-0.0208663966232256
"427",2021-09-13,0.010820475740263
"428",2021-09-14,-0.000411268332423553
"429",2021-09-15,0.0124735709831283
"430",2021-09-16,-0.00574965639480851
"431",2021-09-17,-0.0203619835597788
"432",2021-09-20,-0.0174455246642617
"433",2021-09-21,0.00451801128073903
"434",2021-09-22,0.00920944845267968
"435",2021-09-23,0.00628085768406539
"436",2021-09-24,0.00567033401244377
"437",2021-09-27,-0.00796803271558311
"438",2021-09-28,-0.038299879590328
"439",2021-09-29,-0.0122866629962797
"440",2021-09-30,-0.0093768906785332
"441",2021-10-01,0.0237064059131775
"442",2021-10-04,-0.0199652824220262
"443",2021-10-05,0.0178710000304196
"444",2021-10-06,0.0086060387477076
"445",2021-10-07,0.0132460204654281
"446",2021-10-08,0.00623475718623823
"447",2021-10-11,-0.00866610596311546
"448",2021-10-12,-0.015492415710435
"449",2021-10-13,0.00864492132489225
"450",2021-10-14,0.0251488930799164
"451",2021-10-15,0.00185808997751113
"452",2021-10-18,0.00903260972178188
"453",2021-10-19,0.00600813381810905
"454",2021-10-20,-0.00983118377013881
"455",2021-10-21,0.00256321883728283
"456",2021-10-22,-0.0295360565327396
"457",2021-10-25,0.00106702291890226
"458",2021-10-26,0.00645732711755809
"459",2021-10-27,0.0472336672248277
"460",2021-10-28,-0.00204068472694097
"461",2021-10-29,0.0145484798247377
"462",2021-11-01,-0.0307956213323743
"463",2021-11-02,0.0144252335066586
"464",2021-11-03,0.0063350780273348
"465",2021-11-04,0.0128135655256862
"466",2021-11-05,0.00374591719534401
"467",2021-11-08,0.000740166989374735
"468",2021-11-09,-0.000689864890498271
"469",2021-11-10,-0.0177275576947595
"470",2021-11-11,0.000831662125377441
"471",2021-11-12,0.0195522764415896
"472",2021-11-15,-0.00172216246715617
"473",2021-11-16,-0.0020906814147299
"474",2021-11-17,-9.39670108923707e-05
"475",2021-11-18,0.0109885196893096
"476",2021-11-19,-0.00503224951006676
"477",2021-11-22,-0.0193520713719053
"478",2021-11-23,-0.00218831831161825
"479",2021-11-24,-0.000269222741849262
"480",2021-11-26,-0.0270218966645119
"481",2021-11-29,0.02290006396258
"482",2021-11-30,-0.0253820563584748
"483",2021-12-01,-0.00587180662027365
"484",2021-12-02,0.015126776823859
"485",2021-12-03,-0.00877424516374337
"486",2021-12-06,0.00891326387440028
"487",2021-12-07,0.029059797744579
"488",2021-12-08,0.00460987905861199
"489",2021-12-09,-0.00414048486476215
"490",2021-12-10,0.0038344835423203
"491",2021-12-13,-0.013342388243089
"492",2021-12-14,-0.011890041590247
"493",2021-12-15,0.01640594476864
"494",2021-12-16,-0.0173169157232707
"495",2021-12-17,-0.0141533208385125
"496",2021-12-20,-0.00281545014491158
"497",2021-12-21,0.012692847070662
"498",2021-12-22,0.0187422112770843
"499",2021-12-23,0.00131589472966631
"500",2021-12-27,0.00624306397071095
"501",2021-12-28,-0.0109741780899801
"502",2021-12-29,0.000385750568551835
"503",2021-12-30,-0.00343239230325043
"504",2021-12-31,-0.00910278002158638
"505",2022-01-03,0.00272637659072217
"506",2022-01-04,-0.0045458452328635
"507",2022-01-05,-0.0479618300046374
"508",2022-01-06,-0.000744962748060018
"509",2022-01-07,-0.0039809383496987
"510",2022-01-10,0.0113907341639603
"511",2022-01-11,0.0103629119058661
"512",2022-01-12,0.0115776436606705
"513",2022-01-13,-0.0179291598742104
"514",2022-01-14,0.00470033996591557
"515",2022-01-18,-0.0253276378339589
"516",2022-01-19,-0.00469588406375543
"517",2022-01-20,-0.0159425621071607
"518",2022-01-21,-0.0259083117503245
"519",2022-01-24,0.00215000075789895
"520",2022-01-25,-0.0282896465755575
"521",2022-01-26,0.0195689734055877
"522",2022-01-27,-0.000921217217553227
"523",2022-01-28,0.0317735256963747
"524",2022-01-31,0.0179120327402957
"525",2022-02-01,0.0159372962739353
"526",2022-02-02,0.0710860374299154
"527",2022-02-03,-0.0370612936174499
"528",2022-02-04,0.00255899258516212
"529",2022-02-07,-0.0289287414129156
"530",2022-02-08,0.00197729999255447
"531",2022-02-09,0.0159624112115901
"532",2022-02-10,-0.0203574514703577
"533",2022-02-11,-0.0328005603538584
"534",2022-02-14,0.00868504241465207
"535",2022-02-15,0.00828416866867787
"536",2022-02-16,0.00775429967894414
"537",2022-02-17,-0.0383966924942243
"538",2022-02-18,-0.0140121893409981
"539",2022-02-22,-0.00819647072642748
"540",2022-02-23,-0.0141448715523858
"541",2022-02-24,0.0391083638167311
"542",2022-02-25,0.0138180096079203
"543",2022-02-28,0.00275791747425735
"544",2022-03-01,-0.00537435229439165
"545",2022-03-02,0.00433956645833256
"546",2022-03-03,-0.0032966471402549
"547",2022-03-04,-0.0164099669989808
"548",2022-03-07,-0.0437640531391814
"549",2022-03-08,0.00641598602323157
"550",2022-03-09,0.0504616537823885
"551",2022-03-10,-0.00888394020749494
"552",2022-03-11,-0.0167699127111858
"553",2022-03-14,-0.0290398137933492
"554",2022-03-15,0.0227739386811692
"555",2022-03-16,0.0306079201995271
"556",2022-03-17,0.0067836184716592
"557",2022-03-18,0.0162198682442973
"558",2022-03-21,-0.00236386269557265
"559",2022-03-22,0.0274554817622148
"560",2022-03-23,-0.0127270228644578
"561",2022-03-24,0.0200746320806138
"562",2022-03-25,0.00148145969298863
"563",2022-03-28,0.0030232150038767
"564",2022-03-29,0.00911649417469107
"565",2022-03-30,-0.00423582945010637
"566",2022-03-31,-0.0212197739300031
"567",2022-04-01,0.00749419021578213
"568",2022-04-04,0.0206976441458737
"569",2022-04-05,-0.0181209623813414
"570",2022-04-06,-0.0279418886935057
"571",2022-04-07,-0.00519659084719581
"572",2022-04-08,-0.0181500041387475
"573",2022-04-11,-0.0319503510151842
"574",2022-04-12,-0.0110160436744957
"575",2022-04-13,0.0147802535063217
"576",2022-04-14,-0.0235547814911889
"577",2022-04-18,0.00554830070431223
"578",2022-04-19,0.0198852727888257
"579",2022-04-20,-0.0176644060885396
"580",2022-04-21,-0.0261327729850374
"581",2022-04-22,-0.0435437340054792
"582",2022-04-25,0.0299449346676592
"583",2022-04-26,-0.0308482611860086
"584",2022-04-27,-0.038256176798618
"585",2022-04-28,0.0374651281120917
"586",2022-04-29,-0.0379347273120398
"587",2022-05-02,0.0188741200877729
"588",2022-05-03,0.00826659586736067
"589",2022-05-04,0.0369415709468734
"590",2022-05-05,-0.0487181613341381
"591",2022-05-06,-0.0093500169133085
"592",2022-05-09,-0.0225239822442846
"593",2022-05-10,0.0131816676290999
"594",2022-05-11,-0.00545629803152181
"595",2022-05-12,-0.00704466079921851
"596",2022-05-13,0.0292127255633874
"597",2022-05-16,-0.0148981565259056
"598",2022-05-17,0.0164932121729988
"599",2022-05-18,-0.0375465492519718
"600",2022-05-19,-0.0148380789846616
"601",2022-05-20,-0.0130194047256085
"602",2022-05-23,0.0213013580817876
"603",2022-05-24,-0.0527759565424315
"604",2022-05-25,-0.000816961014043827
"605",2022-05-26,0.0229443971828429
"606",2022-05-27,0.0407393087978809
"607",2022-05-31,0.0109330022969685
"608",2022-06-01,0.000858982344372983
"609",2022-06-02,0.0311302903621034
"610",2022-06-03,-0.027396135795426
"611",2022-06-06,0.0211300127597536
"612",2022-06-07,0.00186989272394467
"613",2022-06-08,7.24974297572345e-05
"614",2022-06-09,-0.0199872236474601
"615",2022-06-10,-0.030844688149152
"616",2022-06-13,-0.0417001457968675
"617",2022-06-14,0.00296628896948992
"618",2022-06-15,0.0293838267564697
"619",2022-06-16,-0.0346029252838767
"620",2022-06-17,0.0114639129789564
"621",2022-06-21,0.0377476917998862
"622",2022-06-22,0.000169580696811167
"623",2022-06-23,0.00578952679057121
"624",2022-06-24,0.0506417083296444
"625",2022-06-27,-0.0162913994908216
"626",2022-06-28,-0.0353536025997636
"627",2022-06-29,-0.00280216559700364
"628",2022-06-30,-0.0260269686277388
"629",2022-07-01,-0.00266872768262871
"630",2022-07-05,0.0431160005745364
"631",2022-07-06,0.0115801995283222
"632",2022-07-07,0.034904681798916
"633",2022-07-08,0.00720332872168861
"634",2022-07-11,-0.0308105683444948
"635",2022-07-12,-0.0144617816067232
"636",2022-07-13,-0.0234555076480234
"637",2022-07-14,-0.00668073891398802
"638",2022-07-15,0.0118373765360724
"639",2022-07-18,-0.025661845515458
"640",2022-07-19,0.04196045068612
"641",2022-07-20,0.000697664442799173
"642",2022-07-21,0.00295990440218308
"643",2022-07-22,-0.0598208790815535
"644",2022-07-25,-0.00138524772661874
"645",2022-07-26,-0.0259316812142467
"646",2022-07-27,0.0745413989463612
"647",2022-07-28,0.00867701562497025
"648",2022-07-29,0.0177317545475786
"649",2022-08-01,-0.00999487916343877
"650",2022-08-02,0.00363037964705626
"651",2022-08-03,0.0245452687995211
"652",2022-08-04,0.000757449787590403
"653",2022-08-05,-0.00548317637638185
"654",2022-08-08,-0.000676949009165817
"655",2022-08-09,-0.00543202312853452
"656",2022-08-10,0.0264554711339793
"657",2022-08-11,-0.00690319060936595
"658",2022-08-12,0.0233441690365916
"659",2022-08-15,0.00187346390220178
"660",2022-08-16,-0.00301557030434818
"661",2022-08-17,-0.0180378190781099
"662",2022-08-18,0.00447799831832096
"663",2022-08-19,-0.0229317758552892
"664",2022-08-22,-0.0261604439449146
"665",2022-08-23,-0.00261053973992809
"666",2022-08-24,-0.000610098914458845
"667",2022-08-25,0.0258189908090642
"668",2022-08-26,-0.0559097026372504
"669",2022-08-29,-0.00866281104574007
"670",2022-08-30,-0.00390459225499296
"671",2022-08-31,-0.00693878542436988
"672",2022-09-01,0.0127448379330781
"673",2022-09-02,-0.0170601475425132
"674",2022-09-06,-0.0111029723857783
"675",2022-09-07,0.0275297245056354
"676",2022-09-08,-0.00964086758453231
"677",2022-09-09,0.0213389710194729
"678",2022-09-12,0.000804864489423629
"679",2022-09-13,-0.0604291492009272
"680",2022-09-14,0.00530359408879377
"681",2022-09-15,-0.0187830395070412
"682",2022-09-16,-0.00260207609882457
"683",2022-09-19,0.00212069893662648
"684",2022-09-20,-0.0196427614639578
"685",2022-09-21,-0.0180345718164663
"686",2022-09-22,0.00558379707333501
"687",2022-09-23,-0.0140184686876905
"688",2022-09-26,-0.00363674123545543
"689",2022-09-27,-0.00731340225673538
"690",2022-09-28,0.0266575318700726
"691",2022-09-29,-0.0266575318700726
"692",2022-09-30,-0.0199758993374823
"693",2022-10-03,0.0322361138792688
"694",2022-10-04,0.0308387980628071
"695",2022-10-05,-0.00185703456458608
"696",2022-10-06,0.000195604452897236
"697",2022-10-07,-0.0264620583998951
"698",2022-10-10,-0.0086746621801792
"699",2022-10-11,-0.0067086653880164
"700",2022-10-12,0.00254647443160838
"701",2022-10-13,0.0142419054603318
"702",2022-10-14,-0.0257010315407289
"703",2022-10-17,0.0363749790218266
"704",2022-10-18,0.00603454980474982
"705",2022-10-19,-0.0109084627157312
"706",2022-10-20,0.00239018004573666
"707",2022-10-21,0.00940558953618265
"708",2022-10-24,0.0145759277127624
"709",2022-10-25,0.0188557685545954
"710",2022-10-26,-0.101313109822697
"711",2022-10-27,-0.0236912290815381
"712",2022-10-28,0.0420825742303794
"713",2022-10-31,-0.0200801362392591
"714",2022-11-01,-0.0449417124591989
"715",2022-11-02,-0.0386374613703042
"716",2022-11-03,-0.0419855507163307
"717",2022-11-04,0.0377270099681981
"718",2022-11-07,0.0222422011451693
"719",2022-11-08,0.00292861358938179
"720",2022-11-09,-0.0171293632019367
"721",2022-11-10,0.0746063399577732
"722",2022-11-11,0.026821986820786
"723",2022-11-14,-0.00726299696042165
"724",2022-11-15,0.0276269425841891
"725",2022-11-16,0.00273124082906584
"726",2022-11-17,-0.00496226517340759
"727",2022-11-18,-0.00713193993320438
"728",2022-11-21,-0.0203488007818455
"729",2022-11-22,0.0155314777882589
"730",2022-11-23,0.0151927250781529
"731",2022-11-25,-0.0124225325443632
"732",2022-11-28,-0.013928504617148
"733",2022-11-29,-0.00845116979769855
"734",2022-11-30,0.0610682328202303
"735",2022-12-01,-0.00167708984731529
"736",2022-12-02,-0.00445299777816643
"737",2022-12-05,-0.00956658080832895
"738",2022-12-06,-0.025967634011673
"739",2022-12-07,-0.0224471239662209
"740",2022-12-08,-0.0126919164020336
"741",2022-12-09,-0.00941079845806048
"742",2022-12-12,0.00525102070279981
"743",2022-12-13,0.0241815379507804
"744",2022-12-14,-0.00564974223809855
"745",2022-12-15,-0.0440798477160804
"746",2022-12-16,-0.00373499656927656
"747",2022-12-19,-0.018999505623742
"748",2022-12-20,0.00536969330070303
"749",2022-12-21,0.00689354248727803
"750",2022-12-22,-0.0222965691677546
"751",2022-12-23,0.0174092724534969
"752",2022-12-27,-0.0211552536371551
"753",2022-12-28,-0.0168591782111198
"754",2022-12-29,0.0283925111526973
"755",2022-12-30,-0.00247629112277981
