"daily_cnt","t1_max","t1_min","t1_median","t2_max","t2_min","t2_median","weather_code","is_holiday","is_weekend","season","max_hum","mean_hum","min_hum","max_wind_speed","mean_wind_speed","min_wind_speed"
9234,4,1,2.75,3.5,-1.5,0,3,0,1,3,100,94.2708333333333,87,15,7.5,0
20372,10,4,9,9,3,7.25,3,0,0,3,93,80.3125,69,14,8.85416666666667,5
20613,11,4,8,11,1,5.75,1,0,0,3,88,78.8958333333333,68.5,27.5,16,8
21064,10,3.5,9,7,1,5.5,2,0,0,3,87,78.1086956521739,62,30.5,19.7608695652174,9
15601,12,8,9,12,4.5,6.75,2,0,0,3,88,79.3125,71,27,20.4791666666667,13
22104,15.5,10,13,15.5,6.5,13,3,0,0,3,85,74.8541666666667,63,44,32.9166666666667,25
14709,14,5,11.5,14,1,11.5,3,0,1,3,82,66.125,48,48,34.3125,19.5
14575,9,4,7.75,5,-1,3.75,1,0,1,3,75,67.5833333333333,55.5,37,26.5625,20.5
17199,12.5,9,11.5,12.5,5,11.5,7,0,0,3,94,76.5833333333333,60,39,28.1875,18.5
24697,12,5,9,12,1,6,7,0,0,3,88,75.8125,64,30,21.2083333333333,14
23565,10,4,6,6,-1,2,2,0,0,3,79,67.125,55,40,25.75,14
22968,11.5,6.5,9,11.5,1.5,5.25,2,0,0,3,82,66.4583333333333,51,45,31.1666666666667,19.5
22663,7,2.5,6.5,4.5,-1.5,3,1,0,0,3,81,66.2291666666667,53,31,17.4583333333333,9
15268,7,0.5,5,4,-3,1.75,1,0,1,3,81,75.1041666666667,65,21,13.5833333333333,7
13199,5,0.5,4,4,-1.5,2,7,0,1,3,93,84.3333333333333,75,14,6.97916666666667,0
23034,5,0,2.25,4,-3,1.25,3,0,0,3,93,80,63.5,9,6.1875,2
23247,5,-1,3,2,-3.5,0.25,1,0,0,3,96.5,81.9583333333333,68,18.5,9.16666666666667,3
22782,3.5,3,3,2.5,-1.5,-1,4,0,0,3,87,84.2708333333333,72.5,19,14.7291666666667,3
23278,5,0,2,2.5,-2,1,3,0,0,3,87,74.4791666666667,57,14,6.72916666666667,2
21892,8,-1.5,3.75,4,-3.5,0.75,1,0,0,3,89.5,79.4166666666667,65.5,24,12.4166666666667,5
17539,9,3,5.75,6,-0.5,2,1,0,1,3,93,72.7291666666667,61,24,18.0625,13
15094,9,2,7.25,6,-2,4.5,3,0,1,3,87,77.375,62,22,16.1666666666667,10
22710,10.5,6,9,9,3,6,3,0,0,3,88,75.2083333333333,60,24,18.9583333333333,14
25000,9,5,7,7,2,4,1,0,0,3,78.5,72.375,64,22,15.2916666666667,7
21536,10.5,3.5,7,9,-1.5,2.75,1,0,0,3,91,71.0208333333333,53,41.5,29.1458333333333,19.5
21275,6.5,2.5,3,1.5,-3,-2,2,0,0,3,81,73.5208333333333,59,35,26.5625,19.5
21171,6,2,3.75,2.5,-2.5,0,3,0,0,3,93,77.0833333333333,66,24,17.4791666666667,9
10250,5,1,3.25,1,-3.5,-1,7,0,1,3,93,77.9166666666667,59,29,20.125,15
11305,6,1,4,1.5,-3,-0.75,3,0,1,3,87,67,58,34,24.7708333333333,14
21640,3,-1,1.25,-0.5,-6,-2,1,0,0,3,70,64.8541666666667,58,17,12.625,7
19869,4,1,2,1,-3,-1.25,3,0,0,3,93,85.5,75,17.5,11.8333333333333,6.5
21850,5,1,3,2,-2.5,-0.5,3,0,0,3,93,80.6875,70,19,14.125,7
21200,5,2,2.5,2,-2.5,-1,2,0,0,3,93,78.1041666666667,53,21,16.0208333333333,11
20955,5,1,2,1,-3.5,-2,2,0,0,3,84,69.8541666666667,57,27,19.2708333333333,13
13149,6,1,4.25,3.5,-3,2,3,0,1,3,87,83.0208333333333,76,16,11.3125,5
15778,8,4,5,6.5,1,2.25,2,0,1,3,87,76.2083333333333,62,14,10.25,5
23858,9.5,2.5,5,8.5,-1,3.5,2,0,0,3,93,81.4375,64,16.5,9.20833333333333,2
23559,7,3.5,6,7,2,4,4,0,0,3,93,79.6086956521739,66,14,6.47826086956522,2
23680,5.5,5,5,5,2,3,4,0,0,3,81,77.4375,73,12,7.64583333333333,2
23227,5,3,4,4,0,2.5,4,0,0,3,81,73.125,66,12,7.20833333333333,2
17699,9,2.5,7.5,6.5,-1,4.5,7,0,0,3,93,84.5416666666667,76,26,17.8125,6.5
14423,8.5,6,7.25,6,4,5,3,0,1,3,96.5,88.6875,84,19.5,12.375,5
16952,9.5,3,6.25,9,0,4.75,3,0,1,3,96.5,86.1666666666667,69,11,7.33333333333333,4
16381,9,2,6,8,-0.5,3.75,7,0,0,3,100,89.7083333333333,73.5,17,9.75,5
25064,9,4,5.5,6.5,1,3.25,1,0,0,3,81,68.7083333333333,50,18,12.1875,4
25132,10.5,3,7,9.5,0.5,3.75,1,0,0,3,81,71.2708333333333,58,21.5,15.1666666666667,7
16898,9,5,8,5.5,1,4,7,0,0,3,90,81.5,71,29,21.125,14
20715,8,5,7,7,2.5,5,2,0,0,3,93,81.3333333333333,71,16,9.41666666666667,2
16198,7,2.5,4.25,4.5,0,1,2,0,1,3,93,76.3333333333333,59,22.5,16.2083333333333,9
9086,10.5,1,5.5,9,-3,1.5,1,0,1,3,88,80.9166666666667,62,33.5,21.25,8.5
21764,9.5,5,6.75,5.5,0.5,3,2,0,0,3,78.5,66.8541666666667,49.5,38,25.875,14
23688,9.5,5,6.75,5.5,1,3,2,0,0,3,81,66.1458333333333,44.5,39,27,18.5
21592,11.5,6,10,11.5,3,8,2,0,0,3,93,77.3125,62,18,11.1041666666667,4
20036,12,5,10,12,2,8,7,0,0,3,94,81.7291666666667,58,22,16.9166666666667,12
24367,9,2.5,5.75,7,-1,3.25,1,0,0,3,81,66.2708333333333,46,18.5,14.3125,10
13529,11,6,9,11,3,6,3,0,1,3,93,83.5833333333333,71,32,23.0833333333333,14
15641,12,6,9,12,2.5,5.25,2,0,1,0,85,66.6875,45.5,43,29.5833333333333,19.5
22258,9,4,5.75,5,-1,1,1,0,0,0,81,62.8125,35.5,45.5,28.3125,16
23845,9.5,5,6.25,5.5,0,2.75,2,0,0,0,84,64.1875,43,33,23.0416666666667,9
24485,10,3.5,6.75,7,-1,4,1,0,0,0,84,64.6666666666667,47,29.5,20.2083333333333,9
24896,11.5,3,8.5,11.5,0,5.25,1,0,0,0,81,65.2708333333333,52.5,25,16.6875,9
25337,13,7,8,13,4.5,5.5,1,0,0,0,71,63.2916666666667,53,26,17.5208333333333,7
27365,16,8.5,9.25,16,5.5,7.75,1,0,1,0,82,64.3125,45,25,18.3958333333333,7
20017,13.5,7.5,9.25,13.5,4.5,8,2,0,1,0,90,78.8541666666667,67,24,14.2291666666667,5
24037,11,5,9.25,11,3,7,3,0,0,0,91,82.8333333333333,71,22,14.3125,2
27674,12,5,9,12,2.5,6.25,1,0,0,0,82,65.4583333333333,41,19.5,10.625,5
27419,13,4,9.25,13,1.5,8,1,0,0,0,90,73.7291666666667,51,21,11.2291666666667,6
28131,14,5.5,10,14,4,8,1,0,0,0,87,56.2083333333333,26,26,13.5833333333333,6
25700,11,4,8.75,11,1,6.5,1,0,0,0,78.5,61.2708333333333,44,30.5,17.7708333333333,8
18101,9,3,6,6,-0.5,3,4,0,1,0,81,66.9791666666667,50,24,17.9583333333333,12
10662,7,5,6,4,2,3.25,7,0,1,0,93,82.2083333333333,76,21.5,16.3125,12
19824,9,5.5,6.75,6,3.5,4,3,0,0,0,93,81.7708333333333,64,21,13.6875,4.5
25780,12,6,8,12,3.5,6,2,0,0,0,100,85.875,67,15,10.2083333333333,3
26439,9,4,7,7,1,5,3,0,0,0,96.5,80.0625,66,18,12.2083333333333,6.5
24077,8,6,7,5.5,3,4.5,4,0,0,0,81.5,79.1458333333333,76,18,15.0833333333333,11
25226,11.5,5,6.25,11.5,2,6,1,0,0,0,87,75.4791666666667,56,19.5,9.85416666666667,4
16116,9.5,6,8,7,3,5,3,0,1,0,81,72.0416666666667,62,24,16.4791666666667,6
18618,8,4,6,6,1,3.5,3,0,1,0,75,67.7291666666667,59,18,12.3958333333333,6.5
25592,12,3,9,12,0.5,7,2,0,0,0,84,66.1666666666667,47,19.5,11.9166666666667,5
24083,9,5,7.25,9,3,5.5,7,0,0,0,81.5,69.8125,56,16,9.35416666666667,4
25672,9.5,2.5,6.5,9,1,4.5,1,0,0,0,84,67.0833333333333,41.5,15,7.9375,4
20305,12,5,8.5,12,1,5.5,1,0,0,0,90,70.375,48.5,33,20.8333333333333,11
26348,13,5.5,8,13,2,6.75,1,0,0,0,82,60.5,41,26,15.7291666666667,6
18986,14,8,12.5,14,6,12.5,3,0,1,0,93,80.125,67,35,22.8958333333333,5
8592,14,10,11,14,7,11,7,0,1,0,91,77.445652173913,55,47,30.7717391304348,15
22106,12.5,7,9.5,12.5,3,6.75,2,0,0,0,88,64.5625,35,40,26.3333333333333,18
22602,13,8,11,13,3.5,11,1,0,0,0,82,55.15,39.5,48,41.9,26
23539,11.5,6,8.75,11.5,1,5,2,0,0,0,93,59.8541666666667,47,38,31.7083333333333,21
22682,11.5,7,9.25,11.5,4,6.5,1,0,0,0,93,66.3541666666667,39.5,32,14.8125,6.5
11298,12,6.5,9.5,12,4.5,8.75,7,1,0,0,97,88.0833333333333,77,14,7.91666666666667,4
12864,10,8,9,10,5.5,7,3,0,1,0,97,77.695652173913,66,21,12.2608695652174,2
19369,12,7,8.25,12,5.5,7,3,0,1,0,87,71.125,54,13,7.02083333333333,0
25439,15.5,5,8.75,15.5,2,6.25,1,1,0,0,90,73.5833333333333,55.5,22,13.3541666666667,6
29441,17.5,5,12,17.5,4.5,12,1,0,0,0,87,68.0625,45.5,13,6.60416666666667,2
30643,16,9,11,16,7,11,1,0,0,0,87,73.9583333333333,59,25,11.0208333333333,0
31520,16,7,10.25,16,5,10,1,0,0,0,96.5,79.3125,50,18,10.5625,6
32052,20.5,6.5,13.5,20.5,5,13.5,1,0,0,0,93,68,33,18.5,11.9166666666667,5
25113,14,9,11.75,14,7,11.75,1,0,1,0,82,58.9166666666667,32,30,21.6875,11
29204,18,6.5,11.5,18,4,11,1,0,1,0,84,58.6458333333333,36.5,32.5,20.2083333333333,6.5
28048,16.5,8,11.25,16.5,6.5,11.25,3,0,0,0,79.5,68.7708333333333,55.5,15,9.72916666666667,5
34519,22.5,9.5,15.5,21.5,7.5,15.5,1,0,0,0,82,60.7708333333333,37,28,17.1666666666667,9
37470,25,11,17,24,11,17,1,0,0,0,77,51.8958333333333,29,21.5,14.0625,5.5
30489,15.5,9,11,15.5,7,11,1,0,0,0,87,66.9583333333333,47,27,19.625,11
29796,13,8,10,13,5,7.25,1,0,0,0,76.5,63.625,42.5,30.5,23.6458333333333,18
29595,13,5.5,9.5,13,3,6.5,2,0,1,0,87,63.875,41,34,22.5833333333333,6.5
19736,12,5,9,12,2,6.75,3,0,1,0,84,67.8125,54,16,11.6041666666667,7.5
32057,17,5,10.5,17,3.5,10,1,0,0,0,93,64.4375,39,24,13.8541666666667,5
34908,17,5.5,11.5,17,5,11.5,1,0,0,0,78.5,61.6041666666667,36.5,22,12.75,5
32381,14,6,10,14,4,8.5,1,0,0,0,90.5,72.4791666666667,57,29,16.8541666666667,6
32773,15,8,9,15,5.5,7.25,1,0,0,0,87,71.6666666666667,53,19,13.2083333333333,8
32102,18,8,13.5,18,7,13.5,1,0,0,0,87,68.6458333333333,45.5,25,14.1666666666667,0
25194,18.5,12,13,18.5,12,13,7,0,1,0,91,75.1458333333333,47.5,26,18.3958333333333,12
19427,12,8,9.75,12,6,8,3,0,1,0,94,83.3333333333333,69,14,11.1875,3
30489,12.5,4.5,9.75,12.5,3.5,8.5,1,0,0,0,87,55.5833333333333,35.5,25,10.4791666666667,5
31783,14,5,9.75,14,1,7.75,1,0,0,0,81,53.4791666666667,28.5,29,23.0416666666667,15
26030,13,8,9.75,13,5,7,1,0,0,0,84.5,71.3125,51,29.5,18.6458333333333,14
31621,15.5,6.5,11.25,15.5,3.5,11.25,1,0,0,0,76,57.75,36,26,18.2916666666667,8
29579,12,6.5,9,12,4,6,2,0,0,0,78.5,64.25,47,27,18.875,7
22231,13.5,6.5,10.25,13.5,4.5,8,1,0,1,0,91,74.5208333333333,61,30,21.0625,9
21165,19.5,10.5,14.75,19.5,9,14.75,3,0,1,0,97,80.375,56,35,21.75,13
26795,18,12,14,18,12,14,2,1,0,0,94,67.2083333333333,44,30.5,18.8125,11
26488,16,12.5,14.75,16,12.5,14.75,2,0,0,0,94,69.3541666666667,43.5,44.5,31.0416666666667,7
24438,14.5,10,13,14.5,7,13,7,0,0,0,85,70.5416666666667,61,42,32.1666666666667,22
31144,17,10.5,12.5,17,9,12.5,2,0,0,0,79.5,62.3125,43.5,29,19.625,11
26878,17,10,14,17,9,14,1,0,0,0,82,71.1666666666667,52,18.5,12.1041666666667,2
27810,18.5,12.5,14.25,18.5,12.5,14.25,3,0,1,0,79.5,59.3958333333333,40,35,26.2708333333333,11
32226,18.5,10,15.25,18.5,8,15.25,2,0,1,0,91,66.5833333333333,52,22,13.6875,4
33719,22,13.5,16.5,22,13.5,16.5,1,0,0,0,79.5,64.5208333333333,51.5,25,17.25,5
33820,18,12,13.75,18,12,13.75,1,0,0,0,77,53.4166666666667,34,35,23.2291666666667,12
36699,19,8,13.25,19,6,13.25,1,0,0,0,79.5,56.4791666666667,32,24,11.6666666666667,2
15609,11,9,10,11,6,7,7,0,0,0,94,84.9583333333333,72,35,21.375,14
32343,16,9,12,16,6.5,12,2,0,0,0,94,69.5416666666667,50,21,14.0625,8
32526,18,12,15.25,18,12,15.25,1,0,1,0,82,59.875,40,28,19.9166666666667,14
31323,17.5,9,13.75,17.5,7,13.75,1,0,1,0,82,56.3958333333333,39.5,26,17.1666666666667,11
24288,15.5,10,12,15.5,7,12,2,0,0,0,94,68.2916666666667,42,46,25.1041666666667,12
28331,14.5,8,10.75,14.5,4.5,10.25,2,0,0,0,79,63.125,48,31,24.2708333333333,18.5
30534,15,7,12,15,4,12,1,0,0,0,81,61.1875,44,26,18.6875,6
34833,20,8,15.5,20,5,15.5,1,0,0,0,82,53.0208333333333,27,21,15.75,8
33435,19.5,10,18,19.5,8,18,1,0,0,0,82,65.7083333333333,49,22,13.6666666666667,8
23849,17.5,12,15,17.5,12,15,3,0,1,0,85,68.9375,48,24,15.0208333333333,9
30018,20,12,16.5,20,12,16.5,3,0,1,0,80.5,64.3125,47.5,19,11.4791666666667,6.5
29502,16,11,14,16,11,14,2,1,0,0,69.5,60.875,53.5,19,13.6041666666667,7
34809,18.5,11,14.75,18.5,11,14.75,1,0,0,0,79.5,60.0625,47.5,18.5,14.6041666666667,10
36407,20.5,10,14.75,20.5,8,14.75,1,0,0,0,71,56.4166666666667,38,27,16.6875,7
34387,17.5,13,15,17.5,13,15,1,0,0,0,77,49.9375,34,28,23.2083333333333,19.5
26023,14,11,12.25,14,11,12.25,2,0,0,0,85,64.0416666666667,51,30.5,22.2083333333333,16
29206,17.5,8,13,17.5,5,13,1,0,1,0,84.5,57.7708333333333,35.5,23,17.8333333333333,11
14998,16,11,14.25,16,11,14.25,7,0,1,0,91,72.875,42.5,31.5,22.3333333333333,11
27864,15,9,13,15,6.5,13,2,0,0,1,77,62.8333333333333,48,34,23.6458333333333,15
27939,19,12,16,19,12,16,3,0,0,1,88,75.0208333333333,56,43.5,33.5208333333333,24
35377,20,12.5,16,20,12.5,16,1,0,0,1,74.5,53.0625,37.5,26,17.5833333333333,2
39451,22,11,16.75,21,11,16.75,1,0,0,1,77,56.3333333333333,30.5,24,12.8541666666667,0
34563,25,14,21.5,25,14,21.5,1,0,0,1,88,63.5,44,30,19.452380952381,7.5
32820,20,10.5,15.75,20,9.5,15.75,1,0,1,1,79.5,51.1875,35,29.5,23.7916666666667,16
35407,20,10,14.75,20,9,14.75,1,0,1,1,79.5,55.9791666666667,33,22,12.5208333333333,8
32587,17,10,13.25,17,9.5,13.25,1,0,0,1,85,63.8541666666667,42,28,13.5416666666667,2
33255,15,9,12.5,15,6,12.5,2,0,0,1,76,59.1875,46,26,21.0208333333333,14
35707,18,10,14.25,18,8,14.25,2,0,0,1,71,57.8333333333333,44,30.5,21.9583333333333,16
38808,22,11,17.5,21,11,17.5,1,0,0,1,85,63.1041666666667,45,33,20.4166666666667,6.5
35172,24,13,18.25,24,13,18.25,1,0,0,1,88,69.5833333333333,54,19.5,12.2083333333333,6.5
30298,21,16,17.25,21,16,17.25,4,0,1,1,88,77.3541666666667,55,26,18.3333333333333,6.5
25235,17.5,12.5,14.5,17.5,12.5,14.5,3,0,1,1,91,78.5,59,17.5,13.1458333333333,9
34558,18,11.5,13.5,18,11.5,13.5,2,0,0,1,88,64.7083333333333,44.5,21,16.875,11
37923,22.5,11,17.75,22,11,17.75,1,0,0,1,77,58.5416666666667,40.5,17,8.125,0
38591,25.5,13,20.25,25.5,13,20.25,1,0,0,1,79.5,65.5416666666667,52.5,31.5,21.9166666666667,15
38687,20.5,15,18.25,20.5,15,18.25,1,0,0,1,78,57.25,44.5,21,18.0833333333333,13
35966,20,13.5,15.25,20,13.5,15.25,2,0,0,1,68,58.5416666666667,47.5,21,16.0208333333333,9
26295,19.5,14,17.5,19.5,14,17.5,3,0,1,1,94,74.8125,63,16,9.75,2
30393,20,15,17.25,20,15,17.25,3,0,1,1,85.5,62.6875,43,28,23.0416666666667,18
29557,18,11.5,14.25,18,11.5,14.25,2,0,0,1,88,70.8541666666667,46,30.5,20.9166666666667,15
37472,19.5,13,15.75,19.5,13,15.75,3,0,0,1,72,60.4375,44.5,21,14.1041666666667,3.5
38940,23.5,14,18.75,23,14,18.75,1,0,0,1,79.5,57.2083333333333,41,23,16.0833333333333,8
38673,24.5,14,20,24.5,14,20,1,0,0,1,77,56.9791666666667,41,19,13.5416666666667,10
37019,27,16,20.25,27,16,20.25,1,0,0,1,73,55.25,39,28,15.9166666666667,6.5
36581,24,14.5,20,23,14.5,20,1,0,1,1,79.5,57.3541666666667,36,25,17,13
25706,22,17,19,22,17,19,2,0,1,1,80.5,64.25,53,21,15.3333333333333,7
39082,25.5,15,20.75,25.5,15,20.75,1,0,0,1,77,54.6458333333333,37,19,13.4166666666667,6.5
43326,29,16,21.75,28,16,21.5,1,0,0,1,72,50.3541666666667,20.5,30,14.8958333333333,3
42641,34,20,28.5,34,20,29,1,0,0,1,75.5,50.9791666666667,33,22,17.3125,7
38262,26,18.5,22,26,18.5,22,1,0,0,1,83,64.5625,51,23,15.2083333333333,6.5
39611,24.5,15.5,19.75,24.5,15.5,19.75,1,0,0,1,83,63.6666666666667,45.5,30.5,17.4583333333333,5
38283,27,18,21.5,27,18,21.5,1,0,1,1,94,66.1666666666667,45,28.5,17.4375,0
29716,23,16,18,23,16,18,1,0,1,1,83,64.6666666666667,47,26,13.7291666666667,5.5
38620,23,14,19.25,22.5,14,19.25,1,0,0,1,82,58.9791666666667,41,21,15.4791666666667,8
37908,23,16.5,19.25,23,16.5,19.25,1,0,0,1,75.5,58.125,41,35,21.5208333333333,5
41703,20,15.5,17.75,20,15.5,17.75,3,0,0,1,82.5,62.4375,44.5,30,23.8333333333333,16
72504,23,13,18,22,13,18,1,0,0,1,67,48.9791666666667,26,19,12.9791666666667,6.5
42779,26,15,21.5,25,15,21,1,0,0,1,72,47.2291666666667,23.5,18,12.8541666666667,6.5
42091,25.5,17.5,21,25.5,17.5,21,1,0,1,1,75,54.2291666666667,35,26,17.4166666666667,2
23240,22,16,18.25,22,16,18.25,3,0,1,1,85.5,75.4791666666667,62,29,21.6875,16
26920,21,17,19,21,17,19,3,0,0,1,88,81.4565217391304,69,28,20.0434782608696,10
35348,22,17.5,19,22,17.5,19,3,0,0,1,91,76.6458333333333,61,26,15.9791666666667,8
34574,22,18,19.25,22,18,19.25,3,0,0,1,94,76.9166666666667,58,19,12,7
39306,23.5,17,19.5,23.5,17,19.5,3,0,0,1,83,65.4791666666667,55.5,29.5,22.0416666666667,6
38505,24.5,17,20.5,24.5,17,20.5,2,0,0,1,80.5,62.7083333333333,44,30.5,19.9583333333333,6
38491,23.5,14.5,18.25,22.5,14.5,18.25,1,0,1,1,74.5,53.9583333333333,32,23,17.5833333333333,12
36693,25,15.5,20.25,24.5,15.5,20.25,1,0,1,1,79.5,49.2916666666667,23.5,30,18.9791666666667,8
27163,23,17,18,23,17,18,3,0,0,1,91,77.8809523809524,70.5,25,13.3571428571429,5
40696,25.5,16,19.75,25.5,16,19.75,1,0,0,1,77,58.3541666666667,36,31.5,22.3958333333333,17
37915,22.5,16,19,22,16,19,2,0,0,1,77,60.9583333333333,45.5,28,17.75,9
39092,21.5,13.5,18.75,21,13.5,18.75,1,0,0,1,79.5,56.5208333333333,39,18.5,13.5625,7
16034,18.5,14,16.25,18.5,14,16.25,7,0,0,1,94,75.4166666666667,52.5,19.5,11.4583333333333,5.5
32608,20.5,12.5,17.25,20.5,12.5,17.25,1,0,1,1,91,61.7083333333333,41.5,29.5,19.9166666666667,7.5
12398,18,14,15,18,14,15,1,0,1,1,88,77.625,61,24,16.25,7
31904,21,16,17.25,21,16,17.25,3,0,0,1,83,67.1875,49,37,28.2083333333333,22
36101,20,14,16.75,20,14,16.75,2,0,0,1,77,58.7916666666667,43,37,27.8541666666667,16
36761,19,12,16,19,12,16,2,0,0,1,79.5,60.8958333333333,46,24,19.6666666666667,16
36145,19,13,15.75,19,13,15.75,2,0,0,1,74.5,60.2083333333333,43,20.5,14.8541666666667,5
36675,21.5,11,17.75,21,11,17.75,1,0,0,1,88,58.6458333333333,35.5,14,8.1875,3
43017,22.5,13,18,21.5,13,18,1,0,1,1,73,55.6875,37,19.5,12.6041666666667,8
43295,25,14,20,25,14,20,1,0,1,1,88,57.7708333333333,32,24,12.5,4
35402,24,17,19.25,24,17,19.25,1,0,0,1,83,68.25,54,27,17.625,5
37644,21.5,15,17.75,21,15,17.75,1,0,0,1,80,61,44.5,30.5,22.9166666666667,14
38770,21.5,16,17.75,21.5,16,17.75,1,0,0,1,83,64.5625,45,17,11.0625,5
63468,23,17,18.75,23,17,18.75,1,0,0,1,85.5,67.7083333333333,53,20,14.8958333333333,7.5
39486,25,14.5,19,25,14.5,19,2,0,0,1,83,62.7083333333333,39,24,8.95833333333333,4
38993,25,15,20.25,25,15,20.25,1,0,1,1,91,69.4375,48.5,22,11.0416666666667,4
40441,26.5,16,21.25,26,16,21.25,1,0,1,1,77,55.8125,28,19.5,12.2708333333333,6
35335,23.5,18,20.25,23.5,18,20.25,3,0,0,1,83,74.0208333333333,63,28,18.1041666666667,13
34318,21,16,18,21,16,18,2,0,0,1,83,64.5625,49.5,13,7.4375,3
36548,21,16,18.25,21,16,18.25,3,0,0,1,88,70.3958333333333,57,25,16.7708333333333,7
25974,21,17,19,21,17,19,4,0,0,1,88,83.8958333333333,77,24,15.1458333333333,6
25419,22,17,19,22,17,19,3,0,0,1,97,85.6041666666667,65,23,12.5416666666667,0
33739,20,15,18,20,15,18,1,0,1,1,88,63.2916666666667,44.5,19.5,13.5,5
30616,20.5,14,16.75,20.5,14,16.75,1,0,1,1,72.5,63.4166666666667,51,14,7,0
35695,21,14,19,21,14,19,1,0,0,1,82,55.7708333333333,40,16,9.66666666666667,3
34530,19,16,18,19,16,18,1,0,0,1,65.5,59.5208333333333,50.5,22,16.1458333333333,8
31640,21,15,17.25,21,15,17.25,2,0,0,1,88,68.5,53,22,15.0833333333333,8
32554,21.5,16,19.75,21.5,16,19.75,3,0,0,1,94,81.375,66.5,19.5,13.8125,7
35882,26,19,22,26,19,22,1,0,0,1,88,68.9166666666667,48,23,14.5625,7
44187,30,17,22.5,30,17,22.5,1,0,1,1,88,62.7708333333333,36.5,23,12.2916666666667,2
27001,22,15.5,19.75,22,15.5,19.75,1,0,1,1,85.5,68,55,25,16.8541666666667,8
17400,18,14.5,15.75,18,14.5,15.75,7,0,0,1,94,87.4583333333333,82,23,13.375,5
28152,19.5,13,16.25,19.5,13,16.25,2,0,0,1,88,79.3333333333333,63.5,24,20.1041666666667,16.5
23738,20.5,16,18.5,20.5,16,18.5,7,0,0,1,88,80.7291666666667,73,33,21.9791666666667,11
30528,20,15,16,20,15,16,2,0,0,1,88,73.0416666666667,50.5,28,17.5,9
32950,21,12.5,17.25,21,12.5,17.25,1,0,0,1,88,66.9375,41.5,25,15.8125,8
22618,22,15.5,18,22,15.5,18,1,0,1,1,88,72.7291666666667,48.5,15,7.77083333333333,2
24972,20,16,17.5,20,16,17.5,3,0,1,1,88,80.3125,73,17,10.4791666666667,5
9639,16.5,15,15.5,16.5,15,15.5,7,1,0,1,94,89.5416666666667,82.5,16,10.4375,6
25556,18.5,14,15,18.5,14,15,2,0,0,2,88,79.8333333333333,54,14,9.5,6
30180,17.5,11.5,14.5,17.5,11.5,14.5,2,0,0,2,91,73.25,54,19,10.2291666666667,5.5
30950,17,11,14,17,11,14,2,0,0,2,85,68.75,49,20,12.9583333333333,7
29709,16,12,14.25,16,12,14.25,2,0,0,2,77,65.3333333333333,55,19,13.125,7
22317,16,11,13.5,16,11,13.5,3,0,1,2,94,71.4791666666667,52,17,11.2916666666667,4
29429,19,8.5,14.75,19,7,14.75,1,0,1,2,87,64.7083333333333,43,16,9.8125,5
31692,17,11,14.25,17,11,14.25,1,0,0,2,88,72.1666666666667,61.5,17,9.8125,6
32781,16.5,11,14.75,16.5,11,14.75,3,0,0,2,88,73.375,59,15,8.375,2
33116,19,13,15.25,19,13,15.25,3,0,0,2,88,71.6458333333333,50.5,27,14.0833333333333,6
35734,20,12,16.25,20,12,16.25,1,0,0,2,94,71.8333333333333,37.5,30,15,2
33190,20,12,17,20,12,17,1,0,0,2,94,71.9545454545455,51,25,16.8409090909091,6.5
27023,21,15,18.25,21,15,18.25,2,0,1,2,83,63.8055555555556,51.5,25,17.5277777777778,7
26166,17.5,12,13.5,17.5,12,13.5,1,0,1,2,88,73,57.5,20,10.9583333333333,4
25811,18,12.5,13.25,18,12.5,13.25,7,0,0,2,97,78.7708333333333,61,34,18.625,8
28066,18.5,11,13.75,18.5,11,13.75,2,0,0,2,88,74.9583333333333,62,27,18,4.5
18653,15,12,14,15,12,14,7,0,0,2,94,89.6666666666667,79.5,25,13.4166666666667,6.5
32075,18,11.5,14.25,18,11.5,14.25,2,0,0,2,94,72.75,47.5,24,16.6875,8
29829,18,13,15,18,13,15,2,0,0,2,91,78.3958333333333,62,15.5,9.5,4
31826,19,13,14.5,19,13,14.5,1,0,1,2,88,70.9565217391304,47.5,13,6.97826086956522,0
31141,20,11,14.75,20,11,14.75,1,0,1,2,94,73.6666666666667,52.5,19,11.3541666666667,2
23676,16,12.5,15,16,12.5,15,2,0,0,2,91,83.5625,74.5,21.5,13.4583333333333,6
20434,14.5,11,12.75,14.5,11,12.75,1,0,0,2,94,83.1458333333333,70,18.5,12.5625,5
33977,17.5,10,15,17.5,8,15,2,0,0,2,88,71.4583333333333,49,25,18.2916666666667,12
29396,18,13,15.5,18,13,15.5,2,0,0,2,91,71.6875,50.5,25,19.9375,16
34783,17.5,11,13.5,17.5,11,13.5,1,0,0,2,88,67.5208333333333,42.5,18,10.7291666666667,0
32636,17.5,9,13,17.5,8.5,13,1,0,1,2,88,68.9375,45.5,15,8.5,2
29817,18.5,9,13.75,18.5,8,13.75,1,0,1,2,88,72.5833333333333,54,24,11.6458333333333,2
33138,17.5,10,14.75,17.5,10,14.75,1,0,0,2,94,74.1875,54,31,14.9166666666667,3
34436,18,11,14.5,18,11,14.5,1,0,0,2,88,70.1041666666667,50.5,29,16.3541666666667,0
34941,18,11,14.25,18,11,14.25,1,0,0,2,88,68.1666666666667,41.5,33,17.0208333333333,3.5
34562,18,11,14,18,11,14,1,0,0,2,88,71.875,52,29,15.7708333333333,5
35503,18,9.5,13,18,9.5,13,1,0,0,2,91,73.3125,49,17,10.7291666666667,4
28956,16.5,10.5,12,16.5,10.5,12,3,0,1,2,97,81.2291666666667,63,8,5.70833333333333,3
29884,18,9,13,18,7.5,13,1,0,1,2,88,72.8333333333333,52,19.5,9.85416666666667,3
20741,18,13,16,18,13,16,7,0,0,2,94,87.9375,82,18,13.75,9
25892,19.5,15,16,19.5,15,16,7,0,0,2,94,87.2291666666667,66,20,12.4166666666667,5
28629,16,13,15,16,13,15,3,0,0,2,94,81.9375,63,23,19.0833333333333,14
33676,16,8.5,12.25,16,6.5,12.25,1,0,0,2,88,72.8333333333333,53.5,14,8.41666666666667,0
32006,17,8,12,17,8,12,1,0,0,2,94,76.7608695652174,55.5,14,6.91304347826087,2
29416,16,9,13,16,8.5,13,2,0,1,2,94,81.3125,70,23,11.125,0
27796,15,10,12.25,15,8,12.25,1,0,1,2,88,72.5625,53,21,13.2083333333333,6.5
31292,14,9,11,14,8,11,3,0,0,2,82,70.0833333333333,55,17,10,3
20114,13,9,10,13,6.5,8,1,0,0,2,87,73.4166666666667,53,18.5,14.5277777777778,11
30579,13,7,11,13,6,11,2,0,0,2,87,75.0416666666667,63,22,13.5,7
30874,13,10,11.25,13,8,11.25,2,0,0,2,88,77.875,57,17,13.1458333333333,8.5
30075,14,12,12,14,12,12,3,0,0,2,82,78.5625,72,19.5,16.4791666666667,12
24327,13.5,11,12,13.5,11,12,3,0,1,2,88,76.75,65,19,13.75,9
23070,15,11.5,13,15,11.5,13,3,0,1,2,88,79.7291666666667,63,15,9.14583333333333,4
29952,14,10.5,12.75,14,10.5,12.75,3,0,0,2,88,79.1875,67,10,7.375,5
32718,15,9,11.25,15,8,11.25,2,0,0,2,94,75.5208333333333,55,16,8.02083333333333,3.5
18922,15,10,12,15,8,12,7,0,0,2,94,88.4375,77,19.5,15.5208333333333,11
30326,15,13,14,15,13,14,3,0,0,2,94,69.9166666666667,55,26,16.9166666666667,5
30273,14,11,13,14,11,13,4,0,0,2,77,65.5,55,15,7.52083333333333,0
16876,15,10,13,15,8,13,7,0,1,2,91,77.75,68,17.5,10.7916666666667,5
23133,13,6,9,13,3.5,7,1,0,1,2,93,75.695652173913,51,11.6666666666667,8.50724637681159,2
30364,16,6.5,12.5,16,4,12.5,3,0,0,2,94,85.9166666666667,72,19.5,13.5625,7
32436,18,12,14.75,18,12,14.75,1,0,0,2,100,84.9583333333333,70.5,17,12.2291666666667,6.5
23881,16,11.5,13.5,16,11.5,13.5,7,0,0,2,94,84.7708333333333,65.5,15,10.875,6.5
27339,16,10,14,16,8.5,14,2,0,0,2,94,87.7916666666667,74.5,18.5,13.3958333333333,7
23970,16,13.5,14.5,16,13.5,14.5,1,0,0,2,91,82.0416666666667,72,20,13.5833333333333,9
27464,15,10,12,15,10,12,1,0,1,2,97,87.8958333333333,77,16,9.75,2
22848,11,7,9.5,11,6,9.25,4,0,1,2,100,97.6875,93.5,10,5.20833333333333,0
28033,13.5,8.5,10.5,13.5,7.5,10.25,3,0,0,2,100,95,85,16,9.16666666666667,4
30710,13.5,10,12,13.5,9,12,3,0,0,2,94,88.625,82,14,9.04166666666667,3
23462,15,11.5,14,15,11.5,14,2,0,0,2,100,88.5416666666667,77,14,8.39583333333333,2
24503,16,14,15,16,14,15,3,0,0,2,94,87.4375,77,20.5,14.3333333333333,6.5
25431,18,14,16,18,14,16,3,0,0,2,88,84.8125,82,22,18.125,13
14881,17.5,12,16,17.5,12,16,7,0,1,2,91,83.6458333333333,77,38,22.8958333333333,10
18754,17,10,15,17,8.5,15,3,0,1,2,94,85.4791666666667,77,28,16.2916666666667,4
28474,15.5,11,15,15.5,11,15,3,0,0,2,82,73.9791666666667,63,33,27.0416666666667,17
29206,17,14.5,16,17,14.5,16,3,0,0,2,85.5,81.4791666666667,77,29,22.9375,17
29899,15.5,14,15,15.5,14,15,3,0,0,2,88,71.7083333333333,65.5,27,20.3333333333333,15
28962,16,12,14.5,16,12,14.5,2,0,0,2,91,81.1875,72,26,17.2291666666667,7
25252,14.5,8,10.25,14.5,4.5,8,1,0,0,2,82.5,66,56.5,35.5,27.9375,19.5
8898,15,8.5,10,15,5.5,8,7,0,1,2,88,81.2916666666667,68.5,34,23.3333333333333,14
17594,17,14,16,17,14,16,3,0,1,2,77,72.4791666666667,66,43,34.0625,24
26507,14.5,13,14,14.5,13,14,2,0,0,2,94,73.625,61,29,21.875,14
22768,16.5,13,14.75,16.5,13,14.75,7,0,0,2,91,77.3863636363636,59,56.5,29.2045454545455,10
25926,16,12,14,16,12,14,2,0,0,2,85,69.5,59,44,31.6666666666667,20
23695,13.5,10,11.75,13.5,7.5,11.75,7,0,0,2,94,80,65,34,21.5208333333333,10
25788,10,5,10,8,0,7,2,0,0,2,82,67.5,56,29.5,22.3125,16
12751,6,2,4.5,1,-2,-0.5,1,0,1,2,87,68.0208333333333,58,38,26.25,11
13118,6.5,0,3.5,4.5,-3.5,1.25,1,0,1,2,87,74.6666666666667,58,16,10.6666666666667,6.5
23908,8,1.5,6.75,5.5,-1,4,1,0,0,2,90,74.9583333333333,57,20,11.1458333333333,2
21175,10.5,7,9,9.5,4,6,7,0,0,2,94,83.7083333333333,73.5,25,19.9166666666667,15
26000,11,7,9,11,5,6.5,2,0,0,2,90,76.6666666666667,58,26,16.1666666666667,5.5
26626,11,7,10,11,6,8,3,0,0,2,94,86.3125,77,12,7.54166666666667,0
23517,13.5,7,11.5,13.5,3,11.5,3,0,0,2,94,83.6666666666667,71,36,20.7291666666667,10
16336,11.5,4,8.75,11.5,-0.5,5.25,1,0,1,2,76,69.8125,62,36,27.25,20
11392,14,11,11.75,14,11,11.75,3,0,1,2,88,72.0416666666667,63,47,34.0833333333333,24
20918,14,9,13,14,7.5,13,3,0,0,2,94,77.5217391304348,64.5,38,26.0652173913043,6.5
26559,15,9.5,14,15,9,14,3,0,0,3,97,74.3125,55,33,20.25,5
27789,13.5,12.5,13,13.5,12.5,13,2,0,0,3,79.5,72.4791666666667,59,24,20.75,17
25899,13.5,12,13,13.5,12,13,2,0,0,3,85,76.9375,69.5,32,21.125,14
25956,13,8,11.75,13,4.5,11.75,2,0,0,3,88,70.2708333333333,63,35,25.0625,20
16511,13.5,12,13,13.5,12,13,2,0,1,3,72,66.2708333333333,61,45,36.8333333333333,30.5
15478,15,13,13,15,13,13,3,0,1,3,94,80.2708333333333,65,35,23.1458333333333,9
25734,14,12,13.5,14,12,13.5,3,0,0,3,88,81.5416666666667,72,22,14.4791666666667,9
23430,14.5,8,13,14.5,5,13,1,0,0,3,88,73.75,57,27,20.75,14
27562,12.5,6,11,12.5,3,11,1,0,0,3,84,73.8958333333333,61,27,18.2708333333333,7.5
23115,12,10,12,12,8,12,3,0,0,3,94,77.8958333333333,67,28,22.4375,11
23259,11,7,10.5,11,4.5,9.25,2,0,0,3,94,76.0416666666667,67,28.5,20.375,8
15815,14,7,13.5,14,4,13.5,3,0,1,3,82,73.075,67,34,23.375,6
12291,12,7,8.5,10.5,4,6.75,7,0,1,3,97,91.3541666666667,77,25,10.25,5
23835,10,8,9,9.5,6,7.75,3,0,0,3,94,84.9791666666667,76,13,9.72916666666667,6.5
20201,14,9,12,14,8,12,3,0,0,3,100,92.25,85,16,10.7083333333333,6.5
25558,16,13,14.25,16,13,14.25,3,0,0,3,94,81.6875,72,30.5,20.4583333333333,12
25804,16,12,14,16,12,14,1,0,0,3,88,72.4583333333333,59,24,18.9375,13
25730,14,12,13,14,12,13,2,0,0,3,88,79.0416666666667,69.5,22,17.1875,12
18754,16.5,14,15.25,16.5,14,15.25,1,0,1,3,88,74.5416666666667,63,28,22.3333333333333,18.5
13060,16,10,13,16,7.5,13,1,0,1,3,85,74.2916666666667,59,28,20.375,16
18136,13,9,11,13,6,11,1,0,0,3,88,77.5416666666667,67,38,22.6041666666667,13
17458,15.5,11.5,14.5,15.5,11.5,14.5,7,0,0,3,91,80.6666666666667,70,40,31.3958333333333,16
18451,13,10,11,13,7,11,2,0,0,3,82,69.0416666666667,56,33.5,23.1666666666667,14
8908,14,8,11.75,14,5,11.75,1,0,0,3,79.5,68.3125,56,39,25.5625,11
22423,15,7,10.25,15,5.5,8.75,7,1,0,3,91,79.4375,66,32,18.0416666666667,8
10230,16,14,15,16,14,15,3,0,1,3,88,74.0833333333333,68,32,27.4166666666667,22
9378,15,12,14.5,15,12,14.5,3,0,1,3,88,81.1458333333333,70,31.5,22,8
13732,14,10,11.75,14,9,11.75,1,1,0,3,94,73.4166666666667,59,24,15.0416666666667,5.5
15592,13,10,12,13,8,12,2,0,0,3,79.5,74.5208333333333,67,21.5,17.2083333333333,12
12301,14,10.5,13,14,9.5,13,7,0,0,3,88,69.375,55,33.5,25.0833333333333,16
13889,12,7,9.5,12,3,6.25,2,0,0,3,82,69.3125,56,31.5,23.3958333333333,16.5
9797,9,3,7.25,6,0,4.5,1,1,0,3,87,82.5,76,27,16.7291666666667,5
7195,11.5,9,11,11.5,6,11,7,0,1,3,94,87.0208333333333,82,28,21.6041666666667,13
4869,10.5,7,9,9,4.5,6,7,0,1,3,93,83.5,71,28.5,16.1875,6.5
20533,11,8,9,11,5.5,6.75,2,0,0,3,87,82.5625,74.5,17,12.5,8
22805,10.5,6,9,10,5,7.75,2,0,0,3,93,85.6666666666667,79.5,16,8.4375,5
23038,8,6,7,7.5,4,6,3,0,0,3,100,90.2916666666667,82,12,6.54166666666667,3
18083,11,5,8,11,1.5,4,7,0,0,3,91,76.0625,59,47,24.2291666666667,9
20762,10,4,8,8,1.5,6,2,0,0,3,87,77.9375,67,21,12.6458333333333,5
11583,11,7.5,9.25,11,3,7.5,7,0,1,3,87,81.3125,77,33.5,18.0416666666667,10
14320,9,6,7,6,3,4,1,0,1,3,81,75.375,66,24.5,18.9166666666667,10
21092,8,6,7,6,3,4,3,0,0,3,87,82.6041666666667,76,23.5,16.5208333333333,6.5
22799,8,5,6.25,4,0,2,2,0,0,3,87,77.9583333333333,68.5,38,27.8125,18
24586,7,4,6,5,0,3,1,0,0,3,81,71.4791666666667,59,28,18.1041666666667,11
22186,6,3,4.25,3,-2,-0.5,1,0,0,3,87,73.0208333333333,53,36,25.9375,17
22446,6,3,4,2,-2,0,2,0,0,3,81,70.0208333333333,53,26,21.4375,13
16091,5,2,3,3,-1,0.5,1,0,1,3,84,75.625,66,16,9.5625,2
11762,4.5,1,3.5,2,-2,1,26,0,1,3,93,80.3125,65,16,9.0625,0
22762,4.5,0,3.5,1,-2,0.5,2,0,0,3,84,75.375,65,16,11.4375,3
23819,5,-1,0.25,5,-2.5,0.25,1,0,0,3,86,68.5208333333333,36,7.5,2.77083333333333,0
23800,5.5,-1,1,4.5,-4,0,1,0,0,3,90,77.4166666666667,68,8,5.41666666666667,2
23378,8,-1,4.75,5.5,-5,2,1,0,0,3,96.5,76.5833333333333,61.5,18.5,10.4583333333333,3.5
18328,11,6,8.25,11,3,5.5,1,0,0,3,91,79.8958333333333,71,20,15.3541666666667,11
17218,11,7,8.5,11,5,6.5,1,0,1,3,87.5,83.6875,77,22.5,13.6875,6
16360,15,10,12.75,15,7.5,12.75,3,0,1,3,94,88.125,82,22,14.9791666666667,7
25724,14,9,12.5,14,6,12.5,1,0,0,3,88,72.375,60.5,33,19.7916666666667,7
20224,12,8,11,12,5,11,7,0,0,3,87,80.3333333333333,67,38,27.2083333333333,12
21708,13.5,9,12.5,13.5,5.5,12.5,3,0,0,3,88,80.1041666666667,66,37,30.5416666666667,25
25324,10,4,9,7,1,5.5,1,0,0,3,76,65.6458333333333,54,34,22.2708333333333,11
22526,13,10,12,13,6,12,3,0,0,3,82,77.9375,69.5,39,33.7916666666667,28
16381,12,5.5,8,12,2,4,1,0,1,3,85,67.8541666666667,46,39,27.0416666666667,17.5
11019,14,5,10.75,14,1.5,10.25,3,0,1,3,93,79.1666666666667,71,37,22.5,9
23606,14.5,10,13,14.5,6,13,3,0,0,3,82,68.125,55,47,34.9375,28.5
24514,10.5,5.5,10,8.5,1.5,6,2,0,0,3,73.5,61.1875,47,39,30.0625,19.5
24436,9,4,6,6,-0.5,2.75,1,0,0,3,78.5,68.2083333333333,56,32,22.125,16
25154,13.5,5,11,13.5,1.5,11,3,0,0,3,87,76.7083333333333,67,33,21.9791666666667,9
22597,11,10,11,11,6.5,11,3,0,0,3,85,78.9375,72,29.5,22.3333333333333,14
13126,13,8,11,13,4,11,3,0,1,3,88,75.75,59,41,31.0833333333333,17.5
14025,10,6,8,7,2,4,2,0,1,3,85,71,54,39,27.4130434782609,14
19497,10,7,9,6,3,4,3,0,0,3,73.5,63.1666666666667,56,56,41.3888888888889,27
23308,8,5,6.25,4.5,0,3,2,0,0,3,81,68.25,50,29.5,21.375,7.5
23626,9,4,6.25,6,1,3,3,0,0,3,81,71.8333333333333,60,27,18.7083333333333,9
25186,9,2,5,7,-1,3,2,0,0,3,90,72.625,48,15,9.0625,6
22819,6,3,5,4,0,2,3,0,0,3,93,83.9166666666667,76,21,13.0416666666667,6.5
9869,5.5,2,5,2,-1.5,0.5,7,0,1,3,93,85.5625,76,31,18.4375,5.5
13697,6.5,2.5,4,3,-1.5,1,1,0,1,3,93,72.875,53,24,15.9791666666667,7
21789,6.5,1,3.5,3.5,-3,0.5,2,0,0,3,87,75.4583333333333,59,25,16.3125,6.5
24386,8,0,3.75,5,-2,1.75,1,0,0,3,93,76.4583333333333,53,19.5,9.25,0
19034,7,2,5,4,-1,2.5,3,0,0,3,93,76.5208333333333,57,22,12.375,7
23517,8,3.5,5,5,0.5,2,2,0,0,3,90,71.9583333333333,51,18,13.2083333333333,6.5
22173,10,2,8,7,-1.5,4,1,0,0,3,87.5,78.9583333333333,60,33,19.5416666666667,8
10745,13,9.5,11,13,6.5,11,7,0,1,3,94,80.8260869565217,58,39,27.9565217391304,20
14670,15,11.5,13,15,11.5,13,3,0,1,3,88,79.1875,72,40,30.7916666666667,23
20463,12,7,8.75,12,4,6,7,0,0,3,97,73.2708333333333,48,29.5,16.9166666666667,7
25657,8.5,3,6,6.5,3,4,2,0,0,3,87,68.0416666666667,57,19,10.8958333333333,0
25481,7.5,0.5,3.25,7,-0.5,3,1,0,0,3,93,69.4791666666667,42,11,4.77083333333333,0
24174,6,1,3,4,-2,1.75,1,0,0,3,84,69.2708333333333,51,16,8.58333333333333,2
23580,7.5,0,4.75,5,-3,1.75,1,0,0,3,83.5,68.6875,53,19,11.5208333333333,0
14745,6,4,4.75,3,0,1.5,4,0,1,3,75.5,62.9791666666667,51,30,17.7708333333333,7
13451,8,3,5,4,-1,2,3,0,1,3,75,64.2916666666667,43,30,19.6041666666667,12
23585,8.5,2,6,7,0,3.5,2,0,0,3,87,65.5416666666667,50,16,9.33333333333333,3
20704,13,5,10,13,1.5,6.75,3,0,0,0,94,80.0208333333333,64.5,33.5,25.3333333333333,17
20635,9,4.5,6,5.5,-0.5,1.5,2,0,0,0,87,72.1875,61,45.5,31,23
24416,9.5,4,7,7,0,3.5,2,0,0,0,87,67.6458333333333,46,38,21.7916666666667,14
23970,8.5,3,6,5.5,-0.5,3.5,2,0,0,0,90,65.875,46,27,16.8541666666667,2
12215,7,1,4,3,-1,0.25,1,0,1,0,87,80.0833333333333,66,25,14.7083333333333,3
12510,7,2,4,4,-2,2,2,0,1,0,87,74.5416666666667,59,21,14,6
22672,7,2,5,4.5,-2,2.5,1,0,0,0,84,65.7916666666667,53,22,14.6458333333333,6.5
23129,9,1,7,6.5,-2.5,3.75,1,0,0,0,93,71.3958333333333,53,22,15,5
19142,10,6,8,9.5,3,5,7,0,0,0,93,86.8333333333333,79,27,17,5.5
23504,9,4,6,8.5,3.5,4.75,3,0,0,0,93,83.3958333333333,66,12,7.52083333333333,0
20893,10,0.5,4.25,9,-0.5,3.75,1,0,0,0,100,83.1875,60,13,7.20833333333333,2
21573,11,4.5,6,11,3.5,5,3,0,1,0,96.5,82.1875,54,16,6.22916666666667,2
21687,9,2,5,6,0,2,4,0,1,0,100,81.9166666666667,60,26,14.6666666666667,5
25448,10,5,6,6,1,3,1,0,0,0,84,68.5833333333333,37,34,20.9791666666667,7.5
25224,9,3,7,6.5,1,4.25,3,0,0,0,93,84.75,76,19.5,12.6875,2
25322,9,5,7,5,2,4,3,0,0,0,93,73.8541666666667,53,35,22.0833333333333,12
27060,11,2.5,6,11,0,4,1,0,0,0,93,70.7916666666667,43.5,23,12.1666666666667,5
23047,8,3,6.25,5.5,0,3.75,3,0,0,0,90,81.5,73.5,18,12.3541666666667,5
17903,9,6,7,6,2,4.5,4,0,1,0,87,72,62,20.5,16.1875,10
17043,11,5.5,8,11,3,6.25,4,0,1,0,90,71.9583333333333,52,17,12.7916666666667,5
25852,11.5,6.5,9,11.5,6,7.5,3,0,0,0,87,68.6875,52.5,20.5,10.8333333333333,5
29150,13,4,9,13,2.5,8,1,0,0,0,87,65.0625,42.5,12,6,0
26837,10,7,9,10,6,8,3,0,0,0,81,66.7291666666667,54,12,6.20833333333333,2
19329,11,7,9,11,4.5,6,7,0,0,0,94,75.9166666666667,62,22.5,17.1666666666667,9
25236,15,8,9.75,15,5,7.5,1,1,0,0,100,66.3958333333333,40.5,19.5,14.125,8
10053,14,8,10,14,6,8,3,0,1,0,88,79.6842105263158,68.5,40,22.5789473684211,9
8123,11,8.5,9.25,11,4.5,6.5,7,0,1,0,87,72.75,58,42.5,29.5,14
10216,12,5,8.5,12,-2,4.5,7,1,0,0,87,72.7083333333333,44,54,34.625,15
18814,12.5,6,8,12.5,2,4.5,2,0,0,0,87,69.625,38.5,33,23.1041666666667,15
26516,13,6,9.25,13,3,7.25,2,0,0,0,87,66.1458333333333,44,25,17.7291666666667,11
28304,12,6,8.25,12,4,7.25,1,0,0,0,76,63.1458333333333,39.5,19.5,10.6666666666667,5
27137,13,3,9,13,3,7.25,1,0,0,0,90,66.5,47,22,11.1666666666667,0
24367,15,8,9.5,15,5,7.5,1,0,1,0,93,62.125,37.5,21,14.8333333333333,11
24941,17,8,11,17,6.5,11,7,0,1,0,97,77.5416666666667,48,19.5,11.3125,4.5
25109,13,9,10.75,13,7,10.5,1,0,0,0,91,77.5208333333333,63,21,13.5833333333333,6.5
30575,14.5,8.5,11.75,14.5,7,11.75,2,0,0,0,94,65.7083333333333,41,23.5,14.9166666666667,6.5
24002,12.5,7,9,12.5,3,6,1,0,0,0,87,65.8125,44,40.5,26.4375,16
18358,10,6,8,8.5,2,4.5,7,0,0,0,84.5,75.0217391304348,66,29,21.0869565217391,8.5
27191,13.5,6,9.75,13.5,3.5,8,1,0,0,0,90,72.4166666666667,49.5,18,11.1875,6.5
19704,12,6,8.5,12,4,6,2,0,1,0,90,70.6875,45.5,23,15.8333333333333,9
23418,12,3,9.75,12,0,6.5,1,0,1,0,84,67.0833333333333,41,38,20.375,5
24010,14,10,12,14,7,12,1,0,0,0,88,78.625,65,25,16.0416666666667,6.5
30745,17,9,11.25,17,7,11.25,1,0,0,0,94,66.5,35.5,19.5,12.8958333333333,5.5
31762,17,6.5,14,17,6.5,14,1,0,0,0,87,58.9166666666667,33,12,7.02083333333333,0
30611,17,9,13,17,8,13,1,0,0,0,82,61.4791666666667,43.5,17,9.95833333333333,2
15761,13,9.5,10,13,7.5,10,7,0,0,0,94,86.1458333333333,72,19,9.27083333333333,0
17571,9,5.5,6.75,7,2,4,3,0,1,0,87,72.875,48,23,15.75,7
26885,12,3,8.5,12,1,6.5,1,0,1,0,87,59.0833333333333,33,13,8.64583333333333,4
28220,12,5,11,12,2,11,1,0,0,0,76,60.8125,50.5,25,17.0833333333333,10
33342,15,8,10.5,15,5.5,9.75,1,0,0,0,82,61.5416666666667,39,23,12.8541666666667,6.5
34197,13,5,8.75,13,3.5,6,1,0,0,0,90,72.2708333333333,51,29,19.125,6
31612,14.5,6,10.5,14.5,4,9.25,1,0,0,0,93,67.3125,45.5,31,20.1875,7
20342,11,7,9,11,4,6,7,0,0,0,87,74.1666666666667,62,27,19.4791666666667,11
21762,10,4.5,8,8,1.5,5.25,2,0,1,0,90,64.5416666666667,40,24,13.6875,5
18597,9,4,7.75,7.5,1.5,6,7,0,1,0,87,65.5416666666667,46,24,12.8541666666667,5.5
24149,11.5,4,8,11.5,1.5,5,2,0,0,0,87,74.2083333333333,58,27.5,18.2708333333333,6
27628,9.5,4,6,6.5,0,2,1,0,0,0,81,61.625,41.5,27.5,20.9375,10
28157,10.5,3.5,5.5,10,-0.5,3.25,7,0,0,0,87,63.2708333333333,34.5,19.5,13.75,6
28609,12,3,9,12,0,6,1,0,0,0,93,64.1875,34,28,16.9583333333333,3
25385,11,6,8.75,11,2,6,1,0,0,0,82,60.4375,45,34,24.2291666666667,10
24698,13,5,9.5,13,2.5,8,1,0,1,0,76,55.9791666666667,33.5,23.5,12.2708333333333,6.5
29249,16.5,5,11.75,16.5,3,11.75,1,0,1,0,81,58.2916666666667,29.5,22,12.4375,5
19428,17,10,12,17,8,12,2,1,0,0,94,76.125,59,30,20.7708333333333,13
31962,15,7,12.25,15,5,12.25,1,0,0,0,81,54.375,36,22,14.6458333333333,6.5
36182,18,8,13.75,18,6.5,13.75,1,0,0,0,71,46.9166666666667,23,18,11.0625,0
38684,20,8,14,20,7,14,1,0,0,0,79,51,29,25,14.4791666666667,5
39589,21,9,15,21,8.5,15,1,0,0,0,79,62.7708333333333,40.5,23,13.3958333333333,5
43819,23.5,12,18.25,23.5,12,18.25,1,0,1,0,88,63.3541666666667,41.5,25,13.3125,6.5
44758,26,13,18.5,26,13,18.5,1,0,1,0,79.5,57.1458333333333,36,26,15.5625,6.5
30507,23,14,16.25,23,14,16.25,1,0,0,0,83,65.7291666666667,44,27,16.1458333333333,5.5
21452,17,15,16,17,15,16,7,0,0,0,97,91.1041666666667,83,21,14.9583333333333,9
27574,18.5,14.5,15.25,18.5,14.5,15.25,7,0,0,0,100,91.3541666666667,80.5,18.5,9.95833333333333,4
38082,23,12.5,17,23,12.5,17,1,0,0,0,97,69.8125,44,26,15.6666666666667,5.5
34706,17,10,13,17,7,13,3,0,0,0,88,73.9583333333333,63,23,18.2916666666667,11
30046,12.5,8,10,12.5,5,8.75,3,0,1,0,69,56.75,44,19.5,14.25,6.5
34302,16.5,7,12.75,16.5,6,12.75,1,0,1,0,79.5,58.2708333333333,36,24,12.3958333333333,2
37045,18.5,10,14.25,18.5,9,14.25,1,0,0,0,88,62.1875,41.5,19.5,8.97916666666667,2
36445,17.5,10.5,14,17.5,10.5,14,1,0,0,0,82,61.9791666666667,44,26,15.6041666666667,5.5
24111,13.5,12,13,13.5,12,13,7,0,0,0,88,79.9791666666667,72,21,15.2291666666667,8.5
34267,18,11,14,18,11,14,3,0,0,0,94,73.7916666666667,47,25,16.1041666666667,7.5
35674,19.5,14,15.25,19.5,14,15.25,2,0,0,0,88,67,46,25,20.2291666666667,12
26373,18,14,16,18,14,16,3,0,1,0,88,74.0625,62,28,19.25,7.5
30628,19,13,14,19,13,14,2,0,1,0,85,67.4791666666667,43,18,9.41666666666667,2
35067,18.5,11,14.75,18.5,11,14.75,2,0,0,0,85,61.6041666666667,41.5,19.5,15.1666666666667,10
36184,16.5,9,12.75,16.5,8,12.75,2,0,0,0,87,63.7708333333333,45,24,15.2708333333333,5
31614,12,10,11.25,12,8,11.25,3,0,0,0,85,73.7916666666667,62,19.5,11.3125,6.5
37113,19,10,14,19,10,14,1,0,0,0,88,68.7291666666667,47.5,24,9.83333333333333,4
35708,20,11,14.75,20,11,14.75,1,0,0,0,88,71.5,52,20,15.6041666666667,11
30831,19,10,14,19,9,14,2,0,1,0,94,77.3333333333333,60,18.5,11.2708333333333,8
30760,18.5,10,13.25,18.5,8.5,13.25,3,0,1,0,88,76.9166666666667,64,20,14.25,7
23697,17,12,14.25,17,12,14.25,3,1,0,0,88,75.25,59,25,19.9375,13
16078,14,11,13,14,11,13,3,0,0,0,94,84.9791666666667,69.5,30,23.6041666666667,16
26871,13,12,13,13,12,13,3,0,0,1,94,89.25,88,23,17.5833333333333,10
28901,12,10,11,12,8,11,3,0,0,1,94,83.25,77,25,20.0208333333333,15
29254,13,10,11.75,13,8,11.75,3,0,0,1,94,84.8958333333333,77,16,12.2708333333333,5
29697,19,12,15.75,19,12,15.75,3,0,1,1,94,87.1458333333333,75,12,8.60416666666667,6
40229,24,12,14.75,24,12,14.75,2,0,1,1,94,79.1458333333333,55,18.5,12,6
39050,22,12,14.5,21,12,14.5,1,0,0,1,94,70.1666666666667,39,20,14.3333333333333,9
34676,23,13,18,23,13,18,1,0,0,1,83,72.2083333333333,50.5,13,8.45833333333333,5
34196,24.5,14,17.5,24.5,14,17.5,7,0,0,1,91,73.2916666666667,52.5,19.5,7.375,0
41165,20,12,15.25,20,12,15.25,1,0,0,1,91,75.375,56,18,11.3541666666667,6.5
39637,23,13,17.25,23,13,17.25,1,0,0,1,88,64.2291666666667,39,19,10.0208333333333,6
28628,22,15,18,22,15,18,7,0,1,1,83,73.5,51.5,14.5,7.0625,5
17841,20,15.5,17,20,15.5,17,2,0,1,1,91,81.5833333333333,71,19.5,11.5416666666667,5.5
27293,18.5,15,17,18.5,15,17,3,0,0,1,88,81.25,70.5,21.5,15.3125,7
29852,18.5,14,16.25,18.5,14,16.25,7,0,0,1,94,81.125,68.5,24,16.875,8
37311,19.5,13,16.75,19.5,13,16.75,2,0,0,1,88,68.1458333333333,52,25,15.9166666666667,8
31110,19,14,16,19,14,16,2,0,0,1,88,75.5625,62,18.5,10.6458333333333,6.5
31641,18.5,13,15.25,18.5,13,15.25,2,0,0,1,91,80.8958333333333,60,18.5,10,3
29226,16,13,15,16,13,15,3,0,1,1,88,76.1875,65.5,18.5,11.2083333333333,3
30954,20.5,14,16.25,20.5,14,16.25,3,0,1,1,94,72.6875,53,23,16.375,7.5
22057,22,16,16.5,22,16,16.5,7,0,0,1,94,80.6875,58.5,28.5,20.375,14
38551,21.5,16,19,21.5,16,19,2,0,0,1,80,65.6666666666667,53,20.5,16.125,11
36226,23,15,19.75,23,15,19.75,3,0,0,1,91,78.9166666666667,69,19.5,11.2708333333333,5
24852,22,19,19.75,22,19,19.75,7,0,0,1,94,89.9583333333333,80.5,17,10.6041666666667,6.5
18380,22,16,19,22,16,19,2,0,0,1,77,59,50,26,21.6666666666667,13
25939,20,14,16,20,14,16,7,0,1,1,82.5,73.4583333333333,52.5,24,13.5625,5
29112,20,14,16,20,14,16,2,0,1,1,85,71.1458333333333,51,28,19.2708333333333,11
33299,21,15,18,21,15,18,1,0,0,1,97,68.9583333333333,43,25,16.0416666666667,12
31288,21,14,15.75,21,14,15.75,1,0,0,1,88,63.0416666666667,43,23.5,12.2708333333333,2
31210,18,12.5,16,18,12.5,16,3,0,0,1,88,78.2708333333333,60,29,23.0208333333333,16
35432,20,14,17.5,20,14,17.5,2,0,0,1,94,74.0625,54.5,27,18.4166666666667,8
27730,20,13,17,20,13,17,3,0,0,1,88,73.2916666666667,53,28,22.2708333333333,17.5
30322,20,12,16,20,12,16,2,0,1,1,82,65.8125,43,34,23.75,16
33668,20.5,12.5,17.25,20.5,12.5,17.25,1,0,1,1,85,65.6458333333333,49,21.5,14.4375,10
37221,21,13,18,21,13,18,3,0,0,1,94,71.9375,51.5,22,15.5208333333333,7
40463,21,16,17.5,21,16,17.5,3,0,0,1,88,63.3541666666667,44.5,28,19.4791666666667,8
42412,22,13,18.25,21,13,18.25,1,0,0,1,72,53.5416666666667,39,15,9.60416666666667,5.5
39157,23,16,19,23,16,19,1,0,0,1,72,59.8958333333333,47,19,14.375,9
36842,23,16,19,23,16,19,2,0,0,1,83,66.1875,51.5,32.5,23.125,12
33968,24,17,19.75,24,17,19.75,1,0,1,1,75.5,67.75,57,29,19.75,7
29135,22.5,17,19,22.5,17,19,2,0,1,1,85.5,72.2916666666667,51.5,32.5,22.6041666666667,17
32420,21,16,18,21,16,18,3,0,0,1,85.5,73.6875,60,30.5,22,13
29869,19,14,15.5,19,14,15.5,2,0,0,1,91,78.5,58,24,15.3958333333333,11
35691,19,12,16,19,12,16,7,0,0,1,94,70.4375,49,23.5,15.1458333333333,9
39923,20.5,13,17.75,20.5,13,17.75,1,0,0,1,82,59.1041666666667,43,17,13.4583333333333,6
36601,20,13,18,20,13,18,1,0,0,1,88,69.5416666666667,47.5,24,16.7083333333333,8
38349,26.5,18,21.25,26.5,18,21.25,2,0,1,1,83,69.875,52.5,25,20.6666666666667,17
37769,27.5,19.5,23.25,27.5,19.5,23.25,2,0,1,1,83,67.25,46.5,27,17.8541666666667,12
43195,29,18,23.25,28,18,23.25,1,0,0,1,88,58.5208333333333,28.5,18.5,8.3125,3
46021,32,17,24,32,17,24,1,0,0,1,88,62.6041666666667,36,21,14.4583333333333,6.5
44664,30.5,21,24.25,30.5,21,24.25,1,0,0,1,78,59,34,28,19.0416666666667,8.5
41272,25,16,20.75,25,16,20.75,1,0,0,1,83,61.875,42,20.5,11.1041666666667,5
35996,24.5,19,20.75,24.5,19,20.75,2,0,0,1,83,66.9166666666667,48.5,13,8.9375,5.5
41466,27,17,22.5,27,17,22.5,1,0,1,1,85.5,64.3333333333333,45,19.5,9.97916666666667,2
38553,24,17,20.5,24,17,20.5,3,0,1,1,80.5,67.5,54,23,16.625,9
40577,24,16,20.75,23,16,20.75,1,0,0,1,88,58.9166666666667,38.5,24,18.4166666666667,11
42021,22.5,16,20,22.5,16,20,2,0,0,1,77,61.2083333333333,48.5,20,14.1458333333333,8
33339,24,18,20,24,18,20,7,0,0,1,85.5,71.8333333333333,55.5,22,16.9583333333333,5.5
31244,22.5,16,19,22.5,16,19,2,0,0,1,83,66,48.5,21.5,12.0454545454545,5
35353,23,18,19.75,23,18,19.75,2,0,0,1,85.5,72.2291666666667,55,24,17.7083333333333,12
45608,22,17.5,19,21.5,17.5,19,2,0,1,1,80.5,63.2708333333333,45.5,16,10.4583333333333,5
44678,21.5,15,20,21,15,20,2,0,1,1,68,55.4782608695652,43.5,19.5,10.7391304347826,5.5
29749,19,15,17,19,15,17,1,0,0,1,88,67.875,52,19,12.5833333333333,6.5
28593,22,15,20,22,15,20,3,0,0,1,97,86.7708333333333,78,20.5,17.3125,9
40268,23,17.5,20.25,23,17.5,20.25,2,0,0,1,83,67.6458333333333,51.5,32,24.7083333333333,18.5
39082,22.5,16,19.25,22.5,16,19.25,2,0,0,1,77,62.9583333333333,47,28,23.8333333333333,18.5
35991,24,15,20,23.5,15,20,2,0,0,1,88,62.3695652173913,39,23,16,12
41885,25.5,15,20.5,25.5,15,20.5,1,0,1,1,82,58.7291666666667,38,20.5,14.3541666666667,8
38076,26.5,18,21,26.5,18,21,2,0,1,1,83,64.6875,40.5,34,24.4375,11
37769,20.5,16,18.5,20.5,16,18.5,1,0,0,1,80,54.3333333333333,41.5,28,21.4166666666667,15
39514,20,13,17,20,13,17,1,0,0,1,72,52.2083333333333,39,21,16.3541666666667,10
38430,19.5,12.5,17,19.5,12.5,17,1,0,0,1,79.5,59.1041666666667,41.5,18.5,14.4375,10
37626,22.5,16,19,22.5,16,19,2,0,0,1,77,64.75,51.5,27,20.3333333333333,12
40159,27.5,16,19.75,27,16,19.75,1,0,0,1,85.5,61.625,32,30,21.2083333333333,15
43041,25,16,20.5,25,16,20.5,1,0,1,1,80,61.7291666666667,43,26,19.5208333333333,7
43848,22.5,16.5,19,21.5,16.5,19,1,0,1,1,75,53.9375,42.5,15,9.16666666666667,5
40236,23,14,18,23,14,18,1,0,0,1,85,64.8260869565217,45.5,24,14.695652173913,4
38911,22.5,13,18.5,22.5,13,18.5,2,0,0,1,88,68.5909090909091,48.5,23,14.0454545454545,5
42439,24.5,14,19,24.5,14,19,1,0,0,1,88,66.2708333333333,43,18.5,12.2708333333333,6
38983,24.5,15.5,18.5,24.5,15.5,18.5,1,0,0,1,88,69.0833333333333,39,24,13.25,6
25593,19.5,17,18,19.5,17,18,2,0,0,1,88,83.6666666666667,66.5,23,12.5416666666667,6.5
24371,20.5,16,17.5,20.5,16,17.5,2,0,1,1,83,70.0833333333333,51.5,39,26.2291666666667,14
28219,22,16,18,22,16,18,3,0,1,1,83,68.4375,47,31.5,26.2916666666667,16
35693,26,18,20,26,18,20,2,0,0,1,83,68.6666666666667,48,26,20.3125,9
42060,30,15.5,23,29,15.5,23,1,0,0,1,88,59.9791666666667,36.5,18,10.2916666666667,0
40664,32.5,20,25.25,32.5,20,25.5,1,0,0,1,83,60.1041666666667,37,17,6.8125,0
37742,28,19,24.25,29,19,24.25,1,0,0,1,83,66.9791666666667,51,19.5,8.3125,3
37697,27,19.5,22.75,26,19.5,22.75,1,0,0,1,83,56.125,26,19,10.1666666666667,6.5
32188,25,17,22,25,17,22,1,0,1,1,85.5,69.25,53,30.5,15.2083333333333,5
25849,22,18,20.25,22,18,20.25,3,0,1,1,83,74.5625,63,26,18.2291666666667,9
34176,23,16,19.25,23,16,19.25,2,1,0,1,85.5,65.375,42.5,15,8.33333333333333,2
39473,26.5,15.5,20.5,26.5,15.5,20.5,1,0,0,1,74.5,54.8333333333333,33,14,8.64583333333333,4
38989,23.5,16,20,23.5,16,20,1,0,0,1,77,63.125,48.5,23,15.3333333333333,6
39270,24,15,19,24,15,19,1,0,0,2,82,62.2173913043478,41,18,13.7608695652174,6.5
15265,21,18,19,21,18,19,7,0,1,2,88,75.4166666666667,57,28,21.9166666666667,17
27512,20,17,19,20,17,19,3,0,1,2,88,69.8541666666667,58,35,23.3958333333333,14
27873,23,15,18.25,23,15,18.25,3,0,0,2,94,82.5208333333333,73,14,9.4375,6.5
37629,24,20,21.75,24,20,21.75,3,0,0,2,88,79.2916666666667,69,15,10.3333333333333,6
39816,28,19,21,28,19,21,1,0,0,2,85.5,66.9166666666667,40,14,9.5625,3.5
40555,24,17,20.25,23.5,17,20.25,1,0,0,2,85.5,62.2708333333333,40,29.5,19.2916666666667,5
36151,22,16,20,22,16,20,3,0,0,2,83,72.625,61,27,17.5416666666667,9
17080,21.5,17,19,21.5,17,19,7,0,1,2,91,80.5,67,24,16.3333333333333,11
39403,22,12,16,21,12,16,1,0,1,2,94,63.8541666666667,36,16,9.04166666666667,2
39261,26,14,22,26,14,22,1,0,0,2,85,65.125,49.5,18,11.5416666666667,4
43573,33,19,23,32.5,19,23,1,0,0,2,88,62.1666666666667,31,21.5,13.5208333333333,7
44478,27.5,20,22.75,27.5,20,22.75,1,0,0,2,83,63.2708333333333,42.5,17,10.4375,0
42135,30,18,21.25,30,18,21.25,1,0,0,2,85.5,66.8333333333333,41.5,19,9.97916666666667,0
21967,20,15,17,20,15,17,7,0,0,2,94,79.1875,62,24,17.3333333333333,11
27182,16,14,15,16,14,15,4,0,1,2,94,80.6875,72,25,19.875,8
29463,19,15,17.75,19,15,17.75,3,0,1,2,94,78.1875,64,11,7.75,0
33109,20.5,16,18,20.5,16,18,2,0,0,2,83,70.1041666666667,54.5,13,7.33333333333333,3
37292,19,15.5,16.5,19,15.5,16.5,3,0,0,2,91,78.4166666666667,62,10,6.41666666666667,4
40267,22.5,15,16.75,22.5,15,16.75,1,0,0,2,88,70.25,47,18,9.35416666666667,5
38043,20,16,16.75,20,16,16.75,2,0,0,2,83,71.3333333333333,56,17,11.6041666666667,5.5
38528,20,12,15,20,12,15,1,0,0,2,82,59.4375,38,15,10.375,6
35786,23,14,20,22,14,20,1,0,1,2,77,62.0208333333333,41,28,15.75,6.5
29663,20,14,17.75,20,14,17.75,1,0,1,2,85.5,62.25,41.5,29,19.875,8
34774,19,13,15,19,13,15,1,0,0,2,82,69.1041666666667,49,19,10.4791666666667,6
35751,20,13,18,20,13,18,3,0,0,2,85.5,75.875,63.5,27,15.625,6.5
38529,23.5,14,17.5,23.5,14,17.5,2,0,0,2,91,75.3541666666667,57,26,21.25,15
34511,20,14,18,20,14,18,2,0,0,2,88,69.5625,46,32.5,24.7916666666667,19
33753,19,13,14.25,19,13,14.25,1,0,0,2,85,66.5833333333333,49,25,16.7916666666667,7
17593,15.5,11,13,15.5,11,13,7,0,1,2,94,81.6875,63,19.5,9,2
27022,17,11,12.5,17,11,12.5,2,0,1,2,88,71.8541666666667,50.5,19,13.5625,2
35582,18,8,13.5,18,7.5,13.5,1,0,0,2,94,69.0625,40,13,6.47916666666667,2
36807,17.5,11.5,15.5,17.5,11.5,15.5,2,0,0,2,94,77.7291666666667,62,35,20.5625,0
35993,16,12,14,16,12,14,1,0,0,2,77,62.6875,48,41,28.7083333333333,17
35005,15,12,13,15,12,13,2,0,0,2,72,59.4166666666667,48,30.5,19.3541666666667,9
33050,15,13,14,15,13,14,3,0,0,2,85,73.7083333333333,65,18,11.0416666666667,6.5
26884,16,12.5,14,16,12.5,14,2,0,1,2,88,77.1458333333333,59,16,8.97916666666667,6
25082,15,9,12,15,8,12,1,0,1,2,87,72.0208333333333,53,18,10.1041666666667,6
32760,13.5,8,10.25,13.5,6.5,9.5,1,0,0,2,87,75.625,57,16,9.16666666666667,4
34914,15.5,7,11.5,15.5,6,11.5,2,0,0,2,93,75.2291666666667,55,18,7.91666666666667,0
32282,15,10.5,12,15,10,12,2,0,0,2,91,76.8333333333333,59,24,13.6666666666667,2
30587,13.5,9,12,13.5,7,12,3,0,0,2,94,77.4583333333333,63,30.5,17.3541666666667,9
32324,14.5,9.5,12,14.5,9,12,2,0,0,2,84.5,74.6458333333333,63,21.5,11.2708333333333,5
23488,17,11,12.5,17,11,12.5,2,0,1,2,88,78.25,55.5,18,8.75,2
18527,17,10,14.25,17,8,14.25,1,0,1,2,94,82.875,68,23,14.4375,6.5
28734,17,12,13.5,17,12,13.5,1,0,0,2,88,76.1875,57.5,23,14.3333333333333,6.5
32771,14,10.5,12,14,9,12,1,0,0,2,88,68.75,48,33,24.1041666666667,14
33673,14,10,11.75,14,7,11.75,2,0,0,2,77,69.9583333333333,55,25,18.625,13
32344,14,10,11.75,14,8,11.75,3,0,0,2,88,77.9791666666667,65,20.5,13.9791666666667,10
30567,13.5,9.5,10.25,13.5,8,9.5,3,0,0,2,88,81.7916666666667,65,17,12.5625,6.5
26020,14,8,10,14,7,10,2,0,1,2,93,79.6041666666667,57,14,8.3125,4
23553,13,7.5,10.75,13,6.5,10.25,2,0,1,2,93,78.5208333333333,63,25,13.3333333333333,3
30053,14,10,11.25,14,8,11.25,1,0,0,2,82,74.7083333333333,65,16,11.1666666666667,6
32992,14,10,11.5,14,10,11.5,3,0,0,2,94,79.0625,69.5,9,5.1875,0
34010,16.5,10,13,16.5,10,13,2,0,0,2,94,81.7916666666667,63.5,22,11.8125,0
33888,16,10.5,12.5,16,9.5,12.5,2,0,0,2,94,79.6458333333333,59,25,17.0208333333333,11
33420,16.5,12,14.75,16.5,12,14.75,3,0,0,2,82.5,74.7708333333333,68,24,13.5,0
27785,16,12,14,16,12,14,4,0,1,2,94,84.0416666666667,72,6.5,3.08333333333333,0
23535,13,9,11,13,8.5,11,4,0,1,2,100,94.1739130434783,88,11,5.09420289855072,2
34461,17,10,12,17,9.5,12,1,0,0,2,100,89.2916666666667,70,10,6.4375,0
32054,13,8.5,10,13,7.5,9.5,3,0,0,2,100,86.5625,69.5,18,8.58333333333333,0
32038,11,6,7.5,11,4,6,1,0,0,2,87,70.2916666666667,50,17,9.97916666666667,2
30891,11.5,4,8.75,11.5,2,7.25,1,0,0,2,87,72.0208333333333,52,17,9.875,6
21932,12,7,9,12,5,8,1,0,0,2,91,79.875,71,14,9.22916666666667,4.5
19420,10,5,6.5,7,2,3.75,3,0,1,2,93,74.8125,58,24,17.1041666666667,11
13406,8,3.5,5.75,5,-0.5,2.25,1,0,1,2,90,73.875,62,26,19,15
17193,9,4,7,6,1,3.5,2,0,0,2,84,76.5625,66,23,16.7708333333333,6.5
26147,6.5,3,5.25,4,-0.5,2.25,1,0,0,2,87,73.9583333333333,59,16,11.1041666666667,7.5
18700,9,5,8,7,0.5,5,7,0,0,2,93,85.2916666666667,71,26.5,18.875,6.5
25830,11,6,8,11,3,5,2,0,0,2,87,78.7083333333333,67,22,18.0416666666667,12
27814,11,5,7,11,2.5,5,1,0,0,2,87,74.2708333333333,52,16,9.47916666666667,2
8990,11,7,10,11,4.5,8,7,0,1,2,94,85.9130434782609,73.5,17,10.7608695652174,3
19044,10.5,7,8.75,9.5,5,7.5,1,0,1,2,90,83.5208333333333,74,15,8.33333333333333,2
24618,13,7,12,13,5.5,12,3,0,0,2,88,85.25,79,21,14.125,6.5
28498,16,13,14,16,13,14,3,0,0,2,94,87.5625,80,21,16.8333333333333,12
27439,14,10.5,14,14,9,14,2,0,0,2,88,79.8333333333333,67,30.5,22.6875,16
27462,13.5,8.5,9.75,13.5,5.5,6.75,3,0,0,2,82,70.5833333333333,63,39,22.5833333333333,15
26594,8,5,6,5,0,3.25,1,0,0,2,81,71.8333333333333,61.5,29.5,19.0833333333333,9
18069,8,4,6,5.5,-0.5,3,1,0,1,2,93,79.7083333333333,62,22,16.7916666666667,10
10613,9.5,6,7.25,7,3,4.75,3,0,1,2,97,85,76,32,20.4583333333333,4
19230,13.5,6,11.5,13.5,3,11.5,7,0,0,2,97,86.4166666666667,67,29,16.7291666666667,9.5
27422,12,8.5,10.25,12,7,9,2,0,0,2,87,75.3541666666667,63,31.5,19.9166666666667,3
28768,11,7,9.75,11,6,7.5,2,0,0,2,93,84.1458333333333,72,21,10.8125,0
27941,11,8,10,11,5,7.75,3,0,0,2,85,77.2708333333333,71,29,22.1041666666667,19
27413,12,6,7.25,12,3.5,5,1,0,0,2,87,70.3125,42.5,26,16.0208333333333,7
19581,9,3.5,6,8,2.5,4.5,1,0,1,2,93,85.5,73.5,17,7.83333333333333,0
15446,9,5,8,7.5,4,6,3,0,1,2,93,77.75,64,20,10.7291666666667,0
26765,9,2.5,7.75,6,1,4.5,1,0,0,2,84,64.6458333333333,48,30.5,16.4791666666667,5
27607,7,1,2,5,-2,1.25,1,0,0,2,87,76.625,49,17,6.83333333333333,3
26934,7,-1,3,5,-4.5,0,1,0,0,2,90,73.5833333333333,60,16,10.75,1
26245,8,1.5,4.75,6,-2,2.25,1,0,0,3,87,72.9583333333333,56,16,12.4583333333333,8
25991,8,5,7,8,3,6,4,0,0,3,93,85.0833333333333,81,10,6.58333333333333,3
17898,9,5,6,6,2,4.5,4,0,1,3,93,75.9166666666667,58,30.5,13.3541666666667,2
15267,8,2,4.5,4,0.5,2,1,0,1,3,93,78.0208333333333,59,29.5,13.8541666666667,3
26231,7,0,4,5,-1,2.75,1,0,0,3,100,90.5,81,13,7,0
28095,11,3,8,11,1,7.5,4,0,0,3,100,93.625,87,12,6.5,2
29424,14,9,12.75,14,9,12.75,1,0,0,3,100,83.5625,72,18,12.7916666666667,2
28366,14,11,13,14,11,13,3,0,0,3,94,83.4791666666667,77,25,16.3125,9
29714,15,11,13,15,11,13,1,0,0,3,94,85.4166666666667,77,19,14.3125,8
14832,14,9,12.25,14,6.5,12.25,4,0,1,3,94,89.1875,82,28,15.1041666666667,9
17450,10.5,6,8,9.5,3,5.25,1,0,1,3,93,86.5833333333333,74,19.5,15.2708333333333,10
25275,12,4,9,12,2,7.5,4,0,0,3,100,91.4583333333333,82,18,10.5625,5.5
26520,14,8.5,12.75,14,7.5,12.75,3,0,0,3,97,90.75,82,15,9.95833333333333,4.5
28861,14,7,10,14,5.5,9.25,1,0,0,3,97,85.1666666666667,67,17,9.85416666666667,5
28195,11,7,9,11,5,7,4,0,0,3,94,89.5416666666667,82,15,11.75,8
27621,10.5,9,9.5,10.5,7,8.5,4,0,0,3,94,89.9583333333333,82,12,8.04166666666667,4
17238,8.5,6.5,7,8.5,4.5,6.5,4,0,1,3,100,95.9375,90,13,6.20833333333333,0
14970,9,7,8,8.5,5.5,7.5,4,0,1,3,96.5,90.7291666666667,82,11,6.52083333333333,2
23535,8,6,7,7,4.5,6,4,0,0,3,93,88.3958333333333,84,14,7.45833333333333,3
24864,7,5,6,6,2,3.5,4,0,0,3,87,80.0208333333333,73.5,14,11.2083333333333,6
23136,12,6,11,12,3,11,3,0,0,3,91,83.3333333333333,74.5,26,17.1666666666667,7.5
21461,11,5,8.5,11,2,6.5,1,0,0,3,100,80.1041666666667,54,21,12.6041666666667,6
14409,12,7,10.75,12,5.5,10.25,1,0,0,3,93,84.6666666666667,74.5,33,21.2916666666667,7
7890,11,7,9.5,11,3,6.25,2,0,1,3,84.5,75.3541666666667,67,34,24.8958333333333,18
36653,14,11,13,14,11,13,4,0,1,3,85,79.4166666666667,77,35,27.6666666666667,20
11455,13,5,9,13,1.5,5,1,1,0,3,90.5,70.5416666666667,54,32.5,22.0208333333333,12
10842,7,2,3.75,7,-1,1.5,1,1,0,3,93,81.9166666666667,71,13,7.5,1
12428,5,0,2,3,-2,-0.75,1,0,0,3,100,97.2291666666667,93,12,7.39583333333333,3
14052,9,1,2.75,8,-1.5,2.25,1,0,0,3,100,89.9791666666667,71,10,6.0625,3
11566,5,0,4,2.5,-2,1,4,0,0,3,100,98.6875,93,12,9,2
11424,9,5,7.5,7,2.5,5,4,0,1,3,100,90.9583333333333,82,18.5,13.3125,7.5
6421,10,5,7,8,1.5,4.75,7,0,1,3,93,88.4375,81,20.5,14.125,8
11823,6,1,3.25,4,-2,0.5,1,1,0,3,93,83.1458333333333,71,17,11.1666666666667,5
19436,6,0,4.5,2,-4,0.5,1,0,0,3,93,81.3958333333333,71,27,18.9375,10
